date,open,high,low,close
2015-01-05,27.86,29.31,27.45,28.95
2015-01-06,28.69,28.69,27.76,28.15
2015-01-07,27.84,29.26,27.76,28.9
2015-01-08,28.74,29.08,27.66,28.02
2015-01-09,27.86,28.3,27.14,27.68
2015-01-12,27.32,28.02,26.98,27.55
2015-01-13,27.58,27.81,27.27,27.32
2015-01-14,27.32,27.86,27.22,27.86
2015-01-15,27.89,28.3,27.58,28.28
2015-01-16,28.69,29.0,27.97,28.43
2015-01-19,27.22,27.71,25.95,26.39
2015-01-20,26.57,27.01,25.97,26.41
2015-01-21,26.47,27.42,26.26,27.11
2015-01-22,27.19,27.27,26.75,26.88
2015-01-23,26.88,27.42,26.8,27.01
2015-01-26,27.01,27.24,26.67,26.91
2015-01-27,26.91,27.01,25.9,26.44
2015-01-28,26.44,26.44,25.9,26.1
2015-01-29,25.97,26.34,25.87,26.26
2015-01-30,26.31,26.49,25.95,26.36
2015-02-02,26.16,26.16,25.69,25.77
2015-02-03,26.03,26.18,25.69,26.1
2015-02-04,26.16,26.31,25.9,25.92
2015-02-05,26.23,26.28,25.12,25.17
2015-02-06,25.25,25.25,23.95,24.11
2015-02-09,24.32,24.32,23.57,24.08
2015-02-10,24.08,24.6,23.95,24.55
2015-02-11,24.63,25.2,24.63,25.09
2015-02-12,25.02,25.33,24.78,25.22
2015-02-13,25.2,26.03,25.17,25.71
2015-02-16,25.59,25.77,25.38,25.56
2015-02-17,25.77,26.16,25.43,25.77
2015-02-25,25.66,26.23,25.25,25.61
2015-02-26,25.61,26.41,25.56,26.23
2015-02-27,26.23,26.49,25.87,25.97
2015-03-02,26.39,26.41,26.05,26.31
2015-03-03,26.18,26.28,25.64,25.66
2015-03-04,25.9,26.05,25.61,25.82
2015-03-05,25.64,25.77,24.91,25.25
2015-03-06,25.22,25.59,25.12,25.43
2015-03-09,25.12,26.18,24.96,26.1
2015-03-10,25.9,26.18,25.87,26.0
2015-03-11,26.03,26.31,25.74,25.9
2015-03-12,26.13,26.28,25.79,26.23
2015-03-13,26.28,26.65,26.23,26.54
2015-03-16,26.6,27.14,26.18,26.98
2015-03-17,26.98,27.24,26.78,27.09
2015-03-18,27.11,27.27,26.8,27.19
2015-03-19,27.14,27.92,26.96,27.86
2015-03-20,27.86,28.3,27.4,28.05
2015-03-23,28.36,29.42,28.33,29.03
2015-03-24,29.06,30.01,28.77,29.0
2015-03-25,28.8,28.87,27.92,28.05
2015-03-26,27.92,28.49,27.81,28.1
2015-03-27,28.05,28.15,27.42,27.79
2015-03-30,27.97,28.69,27.84,28.46
2015-03-31,28.62,29.08,27.84,28.2
2015-04-01,28.1,28.67,27.97,28.2
2015-04-02,28.23,28.41,27.53,27.71
2015-04-03,27.53,28.15,27.32,28.1
2015-04-07,28.23,29.08,28.1,28.98
2015-04-08,29.03,29.39,28.49,29.24
2015-04-09,29.47,29.6,28.25,28.95
2015-04-10,28.77,29.34,28.49,29.21
2015-04-13,29.31,30.19,29.08,30.07
2015-04-14,30.09,31.33,29.81,30.74
2015-04-15,30.74,30.74,29.52,30.01
2015-04-16,30.01,31.93,29.86,31.7
2015-04-17,31.85,32.84,31.46,32.32
2015-04-20,31.85,33.35,31.39,31.77
2015-04-21,33.17,34.65,32.03,33.3
2015-04-22,33.92,34.6,33.48,34.34
2015-04-23,34.36,34.36,33.2,33.56
2015-04-24,33.15,33.17,32.03,32.63
2015-04-27,32.78,33.92,32.68,33.9
2015-04-28,33.59,33.67,32.71,33.28
2015-04-29,32.94,33.61,32.42,33.41
2015-04-30,33.61,34.88,33.41,34.21
2015-05-04,34.26,36.57,34.03,36.46
2015-05-05,36.31,36.31,32.89,32.99
2015-05-06,33.28,33.56,31.46,32.42
2015-05-07,31.83,32.37,30.97,31.02
2015-05-08,31.67,31.8,30.76,31.33
2015-05-11,31.85,32.91,31.59,32.21
2015-05-12,32.29,33.64,32.27,33.3
2015-05-13,33.15,33.17,32.06,32.24
2015-05-14,32.32,32.81,32.09,32.4
2015-05-15,32.29,32.29,31.28,31.49
2015-05-18,31.39,31.44,30.95,31.1
2015-05-19,31.02,32.4,30.89,32.37
2015-05-20,32.4,33.07,32.24,32.58
2015-05-21,32.76,33.15,32.63,32.99
2015-05-22,33.12,34.29,33.02,34.11
2015-05-25,34.57,35.58,34.34,35.09
2015-05-26,35.27,37.11,35.14,35.92
2015-05-27,36.0,36.18,34.6,35.5
2015-05-28,35.5,36.75,33.69,33.77
2015-05-29,33.82,34.65,32.94,34.16
2015-06-01,34.42,36.36,34.16,35.89
2015-06-02,36.02,36.9,35.89,36.49
2015-06-03,36.69,37.73,36.25,36.46
2015-06-04,36.46,37.5,34.18,37.42
2015-06-05,38.71,38.79,36.28,37.24
2015-06-08,37.01,37.78,36.54,37.55
2015-06-09,37.81,39.41,37.29,39.0
2015-06-10,38.38,38.79,37.58,38.02
2015-06-11,38.02,38.07,37.08,37.39
2015-06-12,37.47,38.77,37.45,38.15
2015-11-16,34.34,35.88,34.34,34.87
2015-11-17,34.85,37.45,34.71,36.6
2015-11-18,36.47,36.55,35.48,35.72
2015-11-19,35.72,36.39,35.43,35.91
2015-11-20,35.86,35.86,34.9,35.17
2015-11-23,34.95,35.62,34.9,35.14
2015-11-24,34.9,35.86,34.9,35.46
2015-11-25,35.38,35.46,34.98,35.25
2015-11-26,35.17,35.27,34.87,35.01
2015-11-27,35.06,35.17,34.47,34.5
2015-11-30,34.61,35.88,34.58,35.75
2015-12-01,35.75,35.8,34.79,35.03
2015-12-02,35.22,37.9,35.17,37.27
2015-12-03,37.21,38.44,36.63,37.48
2015-12-04,36.95,37.66,36.76,37.05
2015-12-07,36.95,37.27,36.49,36.63
2015-12-08,36.41,36.71,35.96,36.34
2015-12-09,36.36,37.16,35.72,36.55
2015-12-10,36.41,36.55,35.88,35.96
2015-12-11,35.96,36.18,35.7,36.02
2015-12-14,35.8,37.19,35.75,36.52
2015-12-15,36.55,36.76,36.1,36.23
2015-12-16,36.28,36.79,36.15,36.65
2015-12-17,36.81,37.11,36.63,36.79
2015-12-18,36.95,37.05,36.44,36.81
2015-12-21,36.63,37.96,36.6,37.61
2015-12-22,37.5,38.01,37.08,37.53
2015-12-23,37.69,38.17,37.21,37.45
2015-12-24,37.43,37.69,36.92,37.5
2015-12-25,37.5,37.66,36.92,36.95
2015-12-28,36.97,37.11,36.07,36.26
2015-12-29,36.31,36.55,36.07,36.12
2015-12-30,36.23,36.28,35.88,36.02
2015-12-31,36.12,36.31,35.91,36.04
2016-01-04,35.96,36.2,34.95,34.95
2016-01-05,34.85,35.43,34.58,35.01
2016-01-06,35.01,35.25,34.87,35.11
2016-01-07,35.06,35.06,34.02,34.08
2016-01-08,34.79,34.98,34.24,34.42
2016-01-11,34.08,34.55,33.23,33.38
2016-01-12,33.62,33.86,33.17,33.31
2016-01-13,33.46,33.81,32.99,33.07
2016-01-14,32.51,34.34,32.19,34.13
2016-01-15,33.92,34.63,32.99,33.54
2016-01-18,33.09,34.0,32.99,33.62
2016-01-19,33.57,34.5,33.44,34.05
2016-01-20,34.29,34.29,33.36,33.49
2016-01-21,32.72,33.78,32.72,33.23
2016-01-22,33.36,33.57,33.2,33.25
2016-01-25,33.38,33.44,33.15,33.31
2016-01-26,33.23,33.23,32.08,32.14
2016-01-27,32.37,32.4,31.47,31.95
2016-01-28,31.92,32.69,31.71,31.9
2016-01-29,31.79,32.59,31.71,32.19
2016-02-01,32.11,32.61,32.06,32.3
2016-02-02,32.35,32.48,32.0,32.24
2016-02-03,32.03,32.37,31.98,32.32
2016-02-04,32.32,33.23,32.32,32.72
2016-02-05,32.72,32.85,32.43,32.56
2016-02-15,32.16,32.19,31.84,32.03
2016-02-16,32.11,32.67,32.11,32.53
2016-02-17,32.59,32.64,32.22,32.4
2016-02-18,32.48,32.61,32.3,32.37
2016-02-19,32.27,32.3,31.95,32.11
2016-02-22,32.27,32.3,31.9,32.16
2016-02-23,32.24,32.32,32.06,32.3
2016-02-24,32.19,32.48,32.08,32.45
2016-02-25,32.43,32.48,31.58,31.66
2016-02-26,31.9,32.0,30.99,31.26
2016-02-29,31.36,31.5,29.58,30.3
2016-03-01,30.27,30.73,29.58,30.51
2016-03-02,30.46,31.34,30.25,31.21
2016-03-11,31.36,32.43,30.62,32.03
2016-03-14,31.92,32.35,31.63,32.19
2016-03-15,32.24,32.51,32.03,32.45
2016-03-16,32.35,33.17,32.3,32.72
2016-03-17,32.83,32.88,32.37,32.67
2016-03-18,32.64,32.85,32.43,32.69
2016-03-21,32.69,32.93,32.48,32.72
2016-03-22,32.69,32.85,32.51,32.77
2016-03-23,32.75,32.77,32.51,32.61
2016-03-24,32.43,32.56,32.16,32.35
2016-03-25,32.22,32.59,32.22,32.37
2016-03-28,32.43,32.67,32.11,32.16
2016-03-29,32.19,32.37,32.03,32.22
2016-03-30,32.24,32.72,32.24,32.69
2016-03-31,32.69,32.77,32.43,32.64
2016-04-01,32.67,33.28,32.53,33.17
2016-04-05,33.2,33.36,32.8,32.96
2016-04-06,32.91,32.93,32.51,32.72
2016-04-07,32.69,32.75,32.35,32.37
2016-04-08,32.37,32.51,32.22,32.4
2016-04-11,32.43,32.53,32.35,32.35
2016-04-12,32.32,32.45,32.3,32.35
2016-04-13,32.37,32.61,32.22,32.48
2016-04-14,32.51,32.64,32.43,32.51
2016-04-15,32.56,32.96,32.53,32.56
2016-04-18,32.59,32.93,32.48,32.83
2016-04-19,32.88,33.2,32.83,33.15
2016-04-20,33.12,33.17,32.32,33.15
2016-04-21,32.93,33.07,32.64,32.72
2016-04-22,32.72,32.91,32.56,32.77
2016-04-25,32.75,33.31,32.61,33.09
2016-04-26,33.09,33.2,32.67,32.99
2016-04-27,32.91,33.46,32.83,33.23
2016-04-28,33.23,33.33,32.88,33.17
2016-04-29,33.09,33.09,32.67,32.77
2016-05-03,32.8,33.04,32.69,32.88
2016-05-04,32.85,32.93,32.75,32.8
2016-05-05,32.85,33.17,32.67,32.83
2016-05-06,32.83,32.85,32.61,32.61
2016-05-09,32.61,32.75,32.4,32.61
2016-05-10,32.56,32.72,32.51,32.61
2016-05-11,32.69,32.77,32.43,32.53
2016-05-12,32.48,33.54,32.43,33.17
2016-05-13,33.09,33.25,32.85,33.09
2016-05-16,32.99,33.44,32.99,33.2
2016-05-17,33.12,33.46,32.88,32.93
2016-05-18,32.91,33.15,32.61,33.01
2016-05-19,32.93,33.12,32.69,32.75
2016-05-20,32.72,32.99,32.61,32.88
2016-05-23,32.91,32.96,32.61,32.69
2016-05-24,32.69,32.83,32.64,32.8
2016-05-25,32.8,32.85,32.61,32.64
2016-05-26,32.69,32.75,32.56,32.64
2016-05-27,32.61,32.77,32.56,32.64
2016-05-30,32.61,32.83,32.59,32.61
2016-05-31,32.61,33.23,32.61,33.12
2016-06-01,33.01,33.15,32.93,33.09
2016-06-02,32.99,33.2,32.99,33.09
2016-06-03,33.15,33.62,32.96,33.49
2016-06-06,33.57,33.62,33.12,33.31
2016-06-07,33.36,33.44,33.17,33.28
2016-06-08,33.31,33.68,33.17,33.65
2016-06-13,33.57,33.6,33.25,33.31
2016-06-14,33.25,33.54,32.91,32.99
2016-06-15,32.85,33.17,32.85,33.09
2016-06-16,33.09,33.09,32.64,32.72
2016-06-17,32.75,32.93,32.75,32.8
2016-06-20,32.88,33.12,32.8,33.12
2016-06-21,33.15,33.2,32.93,33.04
2016-06-22,33.04,33.15,32.93,33.09
2016-06-23,33.09,33.12,32.85,32.85
2016-06-24,32.85,33.01,32.72,32.83
2016-06-27,32.83,33.04,32.77,33.01
2016-06-28,32.91,33.04,32.83,32.96
2016-06-29,32.99,33.09,32.83,33.01
2016-06-30,33.01,33.28,32.96,33.2
2016-07-01,33.2,33.38,33.07,33.36
2016-07-04,33.41,33.62,33.33,33.52
2016-07-05,33.7,33.84,33.38,33.62
2016-07-06,33.6,34.66,33.49,34.55
2016-07-07,34.55,34.55,34.16,34.29
2016-07-08,34.29,34.45,34.13,34.34
2016-07-11,34.37,34.5,34.02,34.37
2016-07-12,34.29,34.58,33.97,34.5
2016-07-13,34.42,34.9,34.37,34.66
2016-07-14,34.71,35.06,34.55,35.01
2016-07-15,35.01,35.48,34.95,35.19
2016-07-18,35.22,35.33,34.66,34.9
2016-07-19,35.36,35.52,34.84,35.22
2016-07-20,35.25,35.25,35.03,35.08
2016-07-21,34.92,35.22,34.84,35.03
2016-07-22,35.11,35.11,34.48,34.78
2016-07-25,34.86,35.11,34.75,35.06
2016-07-26,35.08,35.27,34.97,35.27
2016-07-27,35.3,35.88,35.06,35.85
2016-07-28,35.77,36.78,35.68,36.5
2016-07-29,36.56,37.13,36.12,36.18
2016-08-01,36.07,36.72,36.04,36.59
2016-08-02,36.59,36.69,35.98,36.31
2016-08-03,36.31,36.45,36.07,36.37
2016-08-04,36.37,36.42,36.04,36.18
2016-08-05,36.18,36.39,36.04,36.2
2016-08-08,36.29,37.24,36.2,36.91
2016-08-09,36.94,37.19,36.78,37.02
2016-08-10,37.02,37.49,36.91,37.41
2016-08-11,37.51,38.47,37.1,38.06
2016-08-12,38.09,39.29,38.03,38.63
2016-08-15,38.69,39.18,38.47,38.66
2016-08-16,38.69,38.74,37.3,37.51
2016-08-17,37.41,37.82,37.21,37.35
2016-08-18,37.38,37.73,37.3,37.43
2016-08-19,37.43,37.87,37.02,37.73
2016-08-22,37.65,38.12,37.49,37.65
2016-08-23,37.68,37.82,37.24,37.38
2016-08-24,37.38,37.68,37.27,37.46
2016-08-25,37.41,37.43,36.89,37.1
2016-08-26,37.16,37.92,37.1,37.82
2016-08-29,37.76,37.76,37.3,37.32
2016-08-30,37.32,37.57,37.3,37.38
2016-08-31,37.38,37.82,37.24,37.68
2016-09-01,37.79,37.79,37.35,37.38
2016-09-02,37.38,38.25,37.32,38.12
2016-09-05,37.98,38.12,37.57,37.68
2016-09-06,37.68,37.71,37.41,37.54
2016-09-07,37.51,37.57,37.16,37.24
2016-09-08,37.16,37.24,37.08,37.16
2016-09-09,37.16,37.3,36.94,37.02
2016-09-12,36.8,37.57,36.23,37.51
2016-09-13,37.21,37.27,36.67,36.97
2016-09-14,36.8,37.02,36.56,36.67
2016-09-19,36.64,36.83,36.48,36.69
2016-09-20,36.67,36.67,36.42,36.59
2016-09-21,36.59,36.67,36.45,36.59
2016-09-22,36.69,36.94,36.59,36.69
2016-09-23,36.64,36.83,36.48,36.5
2016-09-26,36.48,36.72,36.48,36.53
2016-09-27,36.48,36.64,36.09,36.31
2016-09-28,36.34,36.39,36.12,36.18
2016-09-29,36.26,36.37,36.07,36.26
2016-09-30,36.29,36.45,36.26,36.34
2016-10-10,36.5,36.61,36.29,36.48
2016-10-11,36.37,37.0,36.31,36.83
2016-10-12,36.8,37.08,36.67,37.0
2016-10-13,36.91,37.08,36.86,36.94
2016-10-14,36.97,37.27,36.91,37.19
2016-10-17,37.24,37.38,36.83,36.91
2016-10-18,36.8,37.1,36.72,37.05
2016-10-19,37.05,37.21,36.75,36.86
2016-10-20,36.86,36.97,36.45,36.56
2016-10-21,36.59,36.72,36.42,36.61
2016-10-24,36.61,36.97,36.42,36.53
2016-10-25,36.53,36.78,36.39,36.64
2016-10-26,36.67,36.67,36.42,36.45
2016-10-27,36.53,36.59,36.26,36.29
2016-10-28,36.31,36.64,36.2,36.45
2016-10-31,36.45,36.8,36.45,36.75
2016-11-01,36.64,36.8,36.59,36.75
2016-11-02,36.72,36.78,36.26,36.34
2016-11-03,36.34,36.5,36.29,36.39
2016-11-04,36.37,36.48,36.12,36.18
2016-11-07,36.2,36.29,35.88,35.9
2016-11-08,36.01,36.12,35.71,35.88
2016-11-09,35.88,35.9,35.6,35.82
2016-11-10,35.88,36.15,35.82,35.9
2016-11-11,35.9,36.07,35.71,35.85
2016-11-14,35.88,35.96,35.57,35.6
2016-11-15,35.66,35.82,35.52,35.63
2016-11-16,35.63,35.77,35.57,35.71
2016-11-17,35.74,35.74,35.6,35.74
2016-11-18,35.74,35.74,35.57,35.6
2016-11-21,35.6,35.9,35.57,35.77
2016-11-22,35.77,35.9,35.63,35.74
2016-11-23,35.74,35.82,35.6,35.71
2016-11-24,35.74,36.23,35.68,36.01
2016-11-25,36.12,36.86,36.09,36.45
2016-11-28,36.59,36.69,36.2,36.31
2016-11-29,36.2,37.13,36.18,36.8
2016-11-30,36.75,37.02,36.31,36.45
2016-12-01,36.45,36.59,36.01,36.37
2016-12-02,36.39,36.64,36.12,36.45
2016-12-05,36.12,36.48,35.98,36.34
2016-12-06,36.2,36.31,35.98,36.09
2016-12-07,36.07,36.12,35.66,35.93
2016-12-08,35.98,36.01,35.68,35.71
2016-12-09,35.74,35.98,35.68,35.93
2016-12-12,35.93,35.93,35.52,35.74
2016-12-13,35.55,35.68,35.47,35.49
2016-12-14,35.44,35.57,35.3,35.33
2016-12-15,35.27,35.36,34.97,35.19
2016-12-16,35.33,35.63,35.06,35.36
2016-12-19,35.38,35.41,35.11,35.19
2016-12-20,35.19,35.3,34.54,34.78
2016-12-21,34.73,35.22,34.7,35.22
2016-12-22,35.19,35.41,34.92,34.97
2016-12-23,35.0,35.19,34.56,34.92
2016-12-26,34.75,34.84,34.56,34.59
2016-12-27,34.67,34.7,34.24,34.32
2016-12-28,34.37,34.37,33.88,34.02
2016-12-29,34.02,34.73,33.99,34.37
2016-12-30,34.48,34.73,34.43,34.59
2017-01-03,34.65,34.75,34.4,34.45
2017-01-04,34.54,34.75,34.43,34.7
2017-01-05,34.7,34.89,34.62,34.7
2017-01-06,34.78,35.08,34.65,34.73
2017-01-09,34.7,34.86,34.67,34.78
2017-01-10,34.89,34.92,34.7,34.75
2017-01-11,34.78,34.84,34.65,34.7
2017-01-12,34.67,34.75,34.54,34.59
2017-01-13,34.59,34.95,34.59,34.92
2017-01-16,34.78,35.63,34.7,35.36
2017-01-17,35.33,35.63,35.16,35.33
2017-01-18,35.41,35.49,35.27,35.33
2017-01-19,35.27,35.6,35.22,35.36
2017-01-20,35.3,35.55,35.3,35.41
2017-01-23,35.55,35.74,35.44,35.55
2017-01-24,35.57,35.74,35.49,35.68
2017-01-25,35.66,35.71,35.44,35.66
2017-01-26,35.66,35.68,35.52,35.6
2017-02-03,35.66,35.71,35.25,35.27
2017-02-06,35.36,35.57,35.25,35.44
2017-02-07,35.47,35.57,35.36,35.47
2017-02-08,35.52,35.85,35.47,35.79
2017-02-09,35.79,35.79,35.63,35.68
2017-02-10,35.74,35.93,35.66,35.85
2017-02-13,35.88,35.96,35.71,35.93
2017-02-14,35.9,36.01,35.82,35.9
2017-02-15,35.96,36.12,35.77,36.01
2017-02-16,35.98,36.09,35.82,35.98
2017-02-17,35.98,36.07,35.79,35.85
2017-02-20,35.85,36.29,35.82,36.26
2017-02-21,36.26,36.31,36.07,36.15
2017-02-22,36.2,36.2,35.82,36.04
2017-02-23,36.01,36.09,35.77,36.01
2017-02-24,35.96,36.04,35.68,35.9
2017-02-27,35.85,35.9,35.44,35.55
2017-02-28,35.63,35.68,35.27,35.41
2017-03-01,35.41,35.68,35.41,35.52
2017-03-02,35.63,35.74,35.47,35.52
2017-03-03,35.63,35.63,35.41,35.57
2017-03-06,35.63,35.68,35.41,35.47
2017-03-07,35.44,35.57,35.36,35.41
2017-03-08,35.38,35.55,35.38,35.44
2017-03-09,35.38,35.52,35.16,35.49
2017-03-10,35.38,35.49,35.19,35.25
2017-03-13,35.38,35.66,35.27,35.57
2017-03-14,35.63,35.79,35.49,35.74
2017-03-15,35.85,36.37,35.79,35.98
2017-03-16,35.88,36.15,35.85,35.98
2017-03-17,35.98,36.07,35.71,35.93
2017-03-20,36.2,36.34,35.93,36.01
2017-03-21,35.98,36.18,35.93,36.09
2017-03-22,35.96,36.15,35.88,35.98
2017-03-23,36.07,36.5,35.98,36.23
2017-03-24,36.23,36.69,36.18,36.67
2017-03-27,36.67,36.8,36.37,36.45
2017-03-28,36.53,36.53,36.15,36.26
2017-03-29,36.26,36.48,36.12,36.26
2017-03-30,36.2,36.31,35.9,36.2
2017-03-31,36.15,36.39,36.12,36.26
2017-04-05,36.34,36.5,36.26,36.37
2017-04-06,36.45,36.48,36.2,36.23
2017-04-07,36.23,36.39,36.09,36.26
2017-04-10,36.29,36.5,36.15,36.34
2017-04-11,36.39,36.45,36.04,36.31
2017-04-12,36.26,37.05,36.18,37.02
2017-04-13,36.89,37.3,36.78,37.08
2017-04-14,37.05,37.21,36.67,37.02
2017-04-17,36.89,37.02,36.53,36.94
2017-04-18,36.83,36.97,36.75,36.78
2017-04-19,36.75,37.13,36.64,36.8
2017-04-20,36.89,37.57,36.78,37.32
2017-04-21,37.19,37.76,37.16,37.73
2017-04-24,37.54,37.82,37.0,37.73
2017-04-25,37.54,37.65,37.16,37.41
2017-04-26,37.38,38.42,37.24,38.03
2017-04-27,37.87,38.23,37.73,37.95
2017-04-28,37.92,38.01,37.65,37.95
2017-05-02,37.95,38.8,37.95,38.25
2017-05-03,38.14,38.61,38.06,38.25
2017-05-04,38.25,38.42,38.14,38.25
2017-05-05,38.25,38.44,37.79,38.42
2017-05-08,38.25,38.74,38.14,38.69
2017-05-09,38.61,38.72,38.12,38.17
2017-05-10,38.25,38.39,37.84,38.17
2017-05-11,38.01,38.63,38.01,38.53
2017-05-12,38.42,38.77,38.39,38.58
2017-05-15,38.53,38.91,38.53,38.83
2017-05-16,38.85,39.21,38.69,39.15
2017-05-17,39.15,39.24,38.72,38.8
2017-05-18,38.66,38.96,38.66,38.91
2017-05-19,38.8,39.1,38.74,39.04
2017-05-22,39.04,39.81,38.96,39.78
2017-05-23,39.81,40.38,39.54,40.33
2017-05-24,40.22,40.44,39.73,40.38
2017-05-25,40.19,40.33,39.95,40.14
2017-05-26,39.92,40.14,39.56,40.0
2017-05-31,39.78,40.63,39.15,40.47
2017-06-01,40.3,41.12,40.11,41.07
2017-06-02,40.96,41.39,40.82,40.93
2017-06-05,40.74,41.01,40.25,40.38
2017-06-06,40.49,40.57,39.81,40.38
2017-06-07,40.33,40.74,40.16,40.44
2017-06-08,40.41,41.15,40.3,41.12
2017-06-09,41.2,41.39,40.55,40.66
2017-06-12,40.52,40.85,40.44,40.68
2017-06-13,40.66,40.71,40.03,40.16
2017-06-14,40.25,40.27,39.54,39.7
2017-06-15,39.7,39.73,39.29,39.35
2017-06-16,39.37,39.56,39.29,39.35
2017-06-19,39.43,39.7,39.4,39.7
2017-06-20,39.76,39.92,39.56,39.78
2017-06-21,40.11,40.25,39.65,40.19
2017-06-22,40.19,40.66,40.08,40.47
2017-06-23,40.49,40.71,40.38,40.66
2017-06-26,40.74,41.04,40.66,40.85
2017-06-27,41.01,41.09,40.85,41.01
2017-06-28,41.04,41.29,40.71,40.98
2017-06-29,41.18,41.61,41.04,41.5
2017-06-30,41.26,42.05,41.18,42.02
2017-07-03,42.05,42.27,41.61,41.91
2017-07-04,41.86,42.16,41.37,42.1
2017-07-05,42.08,42.16,41.31,41.5
2017-07-06,41.53,41.72,41.37,41.67
2017-07-07,41.61,42.0,41.31,41.91
2017-07-10,42.02,42.57,41.8,42.41
2017-07-11,42.41,42.84,42.21,42.71
2017-07-12,42.79,42.9,41.7,41.89
2017-07-13,42.0,42.0,41.34,41.56
2017-07-14,41.83,42.63,41.77,42.61
2017-07-17,42.69,43.04,42.12,42.98
2017-07-18,42.89,43.09,42.69,42.86
2017-07-19,42.78,43.04,42.58,42.78
2017-07-20,42.81,43.32,42.75,43.32
2017-07-21,43.15,43.47,43.01,43.12
2017-07-24,43.15,43.35,42.78,42.81
2017-07-25,42.75,43.06,42.52,42.72
2017-07-26,42.52,43.04,42.4,42.95
2017-07-27,42.89,43.24,42.84,43.06
2017-07-28,43.01,43.98,43.01,43.95
2017-07-31,43.9,44.04,43.38,43.64
2017-08-01,43.72,44.04,43.61,43.87
2017-08-02,43.9,44.47,43.9,44.41
2017-08-03,44.38,44.81,44.33,44.44
2017-08-04,44.33,44.47,42.86,42.98
2017-08-07,42.89,43.21,42.38,43.09
2017-08-08,43.12,43.18,42.52,42.78
2017-08-09,42.84,42.92,42.58,42.81
2017-08-10,42.89,43.27,42.4,43.18
2017-08-11,42.92,43.75,42.92,43.38
2017-08-14,43.61,43.7,42.86,43.09
2017-08-15,43.15,43.7,43.09,43.29
2017-08-16,43.29,44.04,43.29,44.01
2017-08-17,44.07,44.33,43.93,43.98
2017-08-18,43.9,44.3,43.81,44.24
2017-08-21,44.13,44.44,43.67,43.84
2017-08-22,43.75,43.9,43.52,43.78
2017-08-23,43.72,43.95,43.61,43.75
2017-08-24,43.75,43.9,43.58,43.75
2017-08-25,43.87,44.1,43.75,44.07
2017-08-28,44.1,44.3,43.58,43.84
2017-08-29,43.9,44.21,43.84,44.18
2017-08-30,44.18,44.21,43.35,43.47
2017-08-31,43.44,43.81,42.92,42.98
2017-09-01,43.01,43.21,42.84,42.95
2017-09-04,42.95,43.21,42.81,42.98
2017-09-05,43.04,43.27,42.63,42.72
2017-09-06,42.78,43.04,42.75,43.04
2017-09-07,43.04,43.38,42.98,43.32
2017-09-08,43.38,44.01,43.38,43.7
2017-09-11,43.81,44.3,43.78,43.9
2017-09-12,43.9,43.9,43.44,43.67
2017-09-13,43.67,43.95,43.52,43.58
2017-09-14,43.58,43.58,42.89,43.15
2017-09-15,43.06,43.47,42.89,43.18
2017-09-18,43.04,43.24,42.84,42.95
2017-09-19,43.04,43.18,42.89,42.98
2017-09-20,42.95,43.04,42.86,42.98
2017-09-21,43.06,43.15,42.84,43.04
2017-09-22,42.92,43.38,42.84,43.38
2017-09-25,43.32,43.98,43.06,43.9
2017-09-26,43.67,43.93,43.41,43.75
2017-09-27,43.64,44.01,43.29,43.44
2017-09-28,43.35,43.5,42.89,43.44
2017-09-29,43.29,43.58,43.06,43.24
2017-10-09,43.38,43.95,43.38,43.72
2017-10-10,43.61,43.9,43.44,43.81
2017-10-11,43.61,44.61,43.61,44.56
2017-10-12,44.33,44.79,43.93,44.04
2017-10-13,43.98,44.21,43.93,44.1
2017-10-16,43.93,44.33,43.93,44.13
2017-10-17,44.13,44.93,44.1,44.41
2017-10-18,44.47,45.73,44.36,45.65
2017-10-19,45.39,46.08,45.39,46.05
2017-10-20,45.59,46.82,45.5,45.79
2017-10-23,45.79,46.19,45.62,45.88
2017-10-24,45.96,46.68,45.76,46.56
2017-10-25,46.62,46.88,46.34,46.74
2017-10-26,46.77,46.97,45.65,45.91
2017-10-27,45.93,46.39,45.7,46.05
2017-10-30,46.34,46.62,45.42,46.11
2017-10-31,46.08,46.08,45.36,45.65
2017-11-01,45.85,45.99,45.39,45.7
2017-11-02,45.7,45.96,45.39,45.85
2017-11-03,45.68,46.13,45.3,46.02
2017-11-06,45.85,46.94,45.82,46.77
2017-11-07,46.91,47.43,46.56,47.2
2017-11-08,47.34,47.74,46.68,47.14
2017-11-09,47.31,47.43,47.0,47.4
2017-11-10,47.34,47.83,47.25,47.6
2017-11-13,47.8,47.88,46.51,46.82
2017-11-14,46.91,47.0,45.99,46.65
2017-11-15,46.45,46.71,46.08,46.59
2017-11-16,46.39,46.82,46.25,46.77
2017-11-17,46.79,48.63,46.28,48.57
2017-11-20,48.23,49.15,48.03,48.83
2017-11-21,48.66,48.83,48.2,48.4
2017-11-22,48.72,49.55,48.37,49.23
2017-11-23,49.2,49.29,47.71,48.2
2017-11-24,48.2,48.72,48.06,48.34
2017-11-27,48.34,48.43,47.31,48.26
2017-11-28,48.09,48.14,47.22,47.48
2017-11-29,47.11,47.8,47.05,47.34
2017-11-30,47.37,47.51,46.62,47.22
2017-12-01,47.28,47.37,46.82,47.25
2017-12-04,46.91,47.4,46.71,47.28
2017-12-05,47.28,48.72,47.25,48.46
2017-12-06,48.32,48.52,47.83,48.03
2017-12-07,47.91,48.03,47.11,47.63
2017-12-08,47.63,47.63,47.22,47.4
2017-12-11,47.43,47.6,47.2,47.4
2017-12-12,47.25,47.43,47.0,47.08
2017-12-13,47.05,47.45,46.97,47.31
2017-12-14,47.4,47.6,47.05,47.25
2017-12-15,47.17,47.28,46.65,47.05
2017-12-18,47.2,47.4,46.48,47.14
2017-12-19,46.91,47.17,46.85,47.0
2017-12-20,47.22,47.22,46.77,47.14
2017-12-21,47.08,47.63,46.94,47.34
2017-12-22,47.28,47.83,47.05,47.14
2017-12-25,47.05,47.25,46.36,46.85
2017-12-26,46.74,46.74,46.22,46.25
2017-12-27,46.28,46.39,45.1,45.3
2017-12-28,45.3,45.56,45.1,45.39
2017-12-29,45.39,45.39,44.64,44.73
2018-01-02,45.02,45.42,44.73,44.87
2018-01-03,45.1,46.25,45.04,45.88
2018-01-04,45.91,45.96,45.39,45.47
2018-01-05,45.7,45.99,45.47,45.93
2018-01-08,45.96,45.99,45.7,45.85
2018-01-09,45.91,46.56,45.85,46.28
2018-01-10,46.31,46.62,46.13,46.39
2018-01-11,46.56,47.08,46.39,46.82
2018-01-12,46.94,47.0,46.59,46.71
2018-01-15,46.71,47.22,46.28,46.97
2018-01-16,46.97,47.11,45.96,46.08
2018-01-17,46.16,46.62,45.76,46.25
2018-01-18,46.22,46.42,45.68,46.11
2018-01-19,46.19,46.45,45.93,46.19
2018-01-22,46.48,46.56,45.85,46.16
2018-01-23,46.28,46.71,45.91,46.31
2018-01-24,46.31,46.36,45.88,45.93
2018-01-25,45.93,46.22,45.91,46.11
2018-01-26,46.19,46.25,45.99,46.08
2018-01-29,46.13,46.19,45.39,45.5
2018-01-30,45.42,45.76,45.27,45.3
2018-01-31,45.3,45.79,44.96,45.62
2018-02-01,45.62,46.39,45.13,46.36
2018-02-02,46.28,46.65,45.85,46.42
2018-02-05,46.08,46.94,45.93,46.74
2018-02-06,46.19,46.85,46.02,46.74
2018-02-07,46.77,46.82,45.68,46.68
2018-02-08,46.42,46.71,46.05,46.54
2018-02-09,45.99,45.99,43.55,45.82
2018-02-12,45.19,45.3,44.36,44.76
2018-02-13,44.9,45.82,44.87,45.22
2018-02-14,45.39,46.13,45.39,45.88
2018-02-22,46.13,46.34,45.88,46.22
2018-02-23,46.19,46.91,46.11,46.62
2018-02-26,46.85,47.14,46.62,47.08
2018-02-27,47.2,47.63,47.11,47.45
2018-02-28,47.28,47.71,47.0,47.25
2018-03-01,47.02,47.6,47.02,47.31
2018-03-02,47.17,48.11,47.08,48.06
2018-03-05,47.91,48.34,47.71,48.32
2018-03-06,48.43,48.57,47.63,47.8
2018-03-07,47.71,48.32,47.66,47.83
2018-03-08,48.14,49.0,48.09,48.63
2018-03-09,49.0,49.03,48.32,48.66
2018-03-12,48.83,48.86,47.6,47.91
2018-03-13,47.94,48.17,47.63,47.91
2018-03-14,47.86,48.09,47.66,47.91
2018-03-15,47.74,48.0,47.68,47.77
2018-03-16,47.66,48.14,47.6,47.77
2018-03-19,47.71,47.83,47.05,47.77
2018-03-20,47.51,47.97,47.45,47.86
2018-03-21,47.97,48.0,47.34,47.71
2018-03-22,47.6,47.66,47.02,47.37
2018-03-23,46.77,47.4,46.31,47.31
2018-03-26,46.94,47.43,46.79,46.97
2018-03-27,47.14,47.54,47.08,47.31
2018-03-28,47.05,47.43,46.25,46.45
2018-03-29,46.71,46.91,45.85,46.19
2018-03-30,46.19,46.65,45.73,45.96
2018-04-02,45.91,46.13,45.65,45.82
2018-04-03,45.68,45.79,45.39,45.53
2018-04-04,45.53,45.91,45.45,45.5
2018-04-09,45.59,46.22,45.42,45.99
2018-04-10,46.05,46.45,46.05,46.34
2018-04-11,46.34,46.62,46.16,46.56
2018-04-12,46.71,46.74,46.13,46.34
2018-04-13,46.42,46.48,45.68,45.73
2018-04-16,45.91,45.91,45.27,45.42
2018-04-17,45.45,46.31,45.45,45.88
2018-04-18,46.13,46.13,45.56,45.99
2018-04-19,46.11,46.25,45.65,45.76
2018-04-20,45.62,46.31,45.62,46.05
2018-04-23,45.91,46.45,45.88,46.31
2018-04-24,46.16,46.68,46.16,46.48
2018-04-25,46.48,46.62,45.82,45.91
2018-04-26,46.05,46.13,45.76,45.91
2018-04-27,46.02,46.31,45.85,46.22
2018-05-02,45.85,46.11,44.84,45.79
2018-05-03,45.5,45.91,45.3,45.85
2018-05-04,45.91,46.25,45.76,46.16
2018-05-07,46.16,46.42,46.02,46.28
2018-05-08,46.39,46.48,46.13,46.39
2018-05-09,46.39,46.54,46.34,46.45
2018-05-10,46.65,46.74,45.79,45.99
2018-05-11,46.13,46.36,45.88,46.28
2018-05-14,46.25,46.71,46.22,46.56
2018-05-15,46.68,47.83,46.51,47.74
2018-05-16,47.63,48.29,47.34,47.91
2018-05-17,47.86,48.23,47.54,47.91
2018-05-18,47.83,48.26,47.45,48.14
2018-05-21,48.2,48.46,47.43,47.8
2018-05-22,47.77,48.06,47.51,47.97
2018-05-23,47.91,47.97,47.6,47.74
2018-05-24,47.6,47.97,47.48,47.63
2018-05-25,47.66,48.92,47.51,48.4
2018-05-28,48.54,48.86,48.2,48.52
2018-05-29,48.37,48.75,48.23,48.72
2018-05-30,48.4,48.66,47.94,48.14
2018-05-31,47.97,49.41,47.97,49.09
2018-06-01,48.95,48.95,48.11,48.14
2018-06-04,48.49,48.69,48.0,48.37
2018-06-05,48.37,48.54,47.88,48.49
2018-06-06,48.6,49.46,48.4,49.35
2018-06-07,49.35,49.43,48.49,48.86
2018-06-08,48.69,49.0,48.26,48.75
2018-06-11,48.43,48.86,48.29,48.77
2018-06-12,48.63,49.46,48.57,49.18
2018-06-13,49.06,50.07,49.06,49.69
2018-06-14,49.58,51.21,49.52,50.32
2018-06-15,50.41,51.07,50.09,50.7
2018-06-19,50.44,51.04,50.04,50.75
2018-06-20,50.24,50.78,49.98,50.38
2018-06-21,50.47,50.81,50.38,50.64
2018-06-22,50.79,50.79,49.09,49.56
2018-06-25,49.51,49.59,48.94,49.12
2018-06-26,48.94,49.36,48.34,48.43
2018-06-27,48.49,48.94,47.95,48.4
2018-06-28,48.04,48.49,47.74,48.13
2018-06-29,48.13,48.31,47.98,48.16
2018-07-02,48.01,48.16,47.24,47.3
2018-07-03,47.6,47.68,46.07,47.33
2018-07-04,47.21,48.49,47.03,48.19
2018-07-05,47.89,48.85,47.71,48.76
2018-07-06,48.64,49.06,48.43,48.7
2018-07-09,48.94,49.18,48.49,48.67
2018-07-10,48.64,48.85,47.98,48.61
2018-07-11,48.19,48.34,47.74,48.1
2018-07-12,47.92,48.52,47.92,48.13
2018-07-13,48.34,48.34,47.68,47.98
2018-07-16,47.89,48.25,47.77,48.07
2018-07-17,47.89,48.19,47.63,47.83
2018-07-18,48.04,49.09,47.86,48.61
2018-07-19,48.88,49.77,48.73,49.62
2018-07-20,49.39,50.04,49.27,49.92
2018-07-23,49.83,50.31,49.39,49.98
2018-07-24,49.83,50.04,48.97,49.36
2018-07-25,49.24,49.39,48.49,48.76
2018-07-26,49.03,49.59,48.88,49.42
2018-07-27,49.56,49.62,48.91,49.0
2018-07-30,49.0,50.28,49.0,50.28
2018-07-31,50.28,50.61,50.04,50.25
2018-08-01,50.43,50.49,49.89,50.07
2018-08-02,49.83,50.79,49.03,49.59
2018-08-03,49.59,50.37,49.27,50.04
2018-08-06,50.28,50.4,48.88,48.94
2018-08-07,49.12,49.53,48.94,49.24
2018-08-08,49.27,49.51,48.4,48.43
2018-08-09,48.37,49.18,48.04,48.88
2018-08-10,48.79,49.24,48.61,48.79
2018-08-13,48.79,49.15,48.13,49.0
2018-08-14,49.12,49.12,48.07,48.67
2018-08-15,48.49,48.61,48.1,48.13
2018-08-16,47.89,48.49,47.48,48.07
2018-08-17,48.19,48.67,47.89,48.13
2018-08-20,48.37,49.68,48.19,49.68
2018-08-21,49.77,49.83,49.15,49.45
2018-08-22,49.3,49.33,48.61,48.94
2018-08-23,48.82,49.0,48.37,48.49
2018-08-24,48.43,48.64,47.8,48.37
2018-08-27,48.04,48.58,48.04,48.37
2018-08-28,48.43,48.88,48.37,48.58
2018-08-29,48.43,48.73,47.89,48.01
2018-08-30,48.07,48.28,47.95,47.95
2018-08-31,47.98,48.1,47.18,47.21
2018-09-03,47.24,47.98,47.24,47.63
2018-09-04,47.71,48.19,47.57,48.07
2018-09-05,47.92,48.07,47.36,47.42
2018-09-06,47.3,47.54,47.15,47.21
2018-09-07,47.3,47.45,46.79,46.85
2018-09-10,46.85,46.97,46.1,46.52
2018-09-11,46.52,46.97,46.07,46.16
2018-09-12,45.95,46.79,45.86,46.76
2018-09-13,46.88,47.24,46.64,47.06
2018-09-14,47.21,47.21,46.64,46.88
2018-09-17,46.79,47.18,46.61,46.91
2018-09-18,46.7,47.3,46.7,47.27
2018-09-19,47.33,47.57,46.91,47.33
2018-09-20,47.33,47.68,47.27,47.6
2018-09-21,47.71,48.43,47.45,48.43
2018-09-25,48.22,48.55,48.1,48.4
2018-09-26,48.28,48.79,48.1,48.28
2018-09-27,48.58,48.94,48.19,48.88
2018-09-28,48.94,49.09,48.7,48.88
2018-10-08,48.07,48.43,47.57,47.74
2018-10-09,47.45,47.98,47.21,47.39
2018-10-10,47.45,47.68,46.94,47.15
2018-10-11,46.85,47.27,45.72,45.86
2018-10-12,46.34,46.67,45.75,45.89
2018-10-15,46.1,46.94,45.95,45.95
2018-10-16,46.1,46.52,45.66,46.25
2018-10-17,46.52,47.6,46.49,47.18
2018-10-18,47.3,47.36,46.1,46.28
2018-10-19,46.25,47.45,45.95,47.24
2018-10-22,47.15,48.37,47.15,47.95
2018-10-23,47.74,47.98,46.97,47.0
2018-10-24,47.06,47.65,46.64,47.12
2018-10-25,46.79,47.36,46.25,47.18
2018-10-26,47.15,47.89,46.79,47.77
2018-10-29,48.04,48.37,46.43,46.55
2018-10-30,47.12,47.15,46.49,46.61
2018-10-31,46.7,46.85,46.34,46.58
2018-11-01,46.82,46.91,45.95,46.25
2018-11-02,46.43,46.64,45.8,46.58
2018-11-05,46.46,46.46,45.92,46.01
2018-11-06,45.95,45.95,44.7,45.09
2018-11-07,45.24,45.39,44.79,45.12
2018-11-08,45.42,45.48,44.91,45.3
2018-11-09,45.12,45.33,43.42,43.72
2018-11-12,43.54,43.95,43.21,43.63
2018-11-13,43.33,43.72,43.09,43.57
2018-11-14,43.57,44.25,42.91,43.06
2018-11-15,43.03,43.57,43.0,43.54
2018-11-16,43.66,43.69,43.15,43.69
2018-11-19,43.81,43.98,43.63,43.87
2018-11-20,43.72,43.84,43.12,43.12
2018-11-21,42.91,43.45,42.82,43.3
2018-11-22,43.45,43.48,42.97,43.09
2018-11-23,43.0,43.12,42.34,42.52
2018-11-26,42.82,43.3,42.55,43.18
2018-11-27,43.18,43.63,42.94,43.06
2018-11-28,43.24,43.39,42.7,42.97
2018-11-29,43.09,43.15,42.49,42.49
2018-11-30,42.49,43.66,42.46,42.82
2018-12-03,43.63,44.01,43.42,43.87
2018-12-04,43.87,44.13,43.69,43.87
2018-12-05,43.57,43.84,43.48,43.6
2018-12-06,43.27,43.48,42.16,42.43
2018-12-07,42.37,42.85,42.37,42.82
2018-12-10,42.4,42.94,42.4,42.85
2018-12-11,42.82,42.88,42.52,42.7
2018-12-12,43.06,43.81,42.97,43.75
2018-12-13,43.75,45.09,43.63,44.55
2018-12-14,44.46,45.24,44.34,44.64
2018-12-17,44.97,45.09,44.49,44.76
2018-12-18,44.55,45.51,44.55,45.09
2018-12-19,45.18,45.95,45.09,45.66
2018-12-20,45.63,45.86,44.61,45.27
2018-12-21,45.18,45.89,45.03,45.89
2018-12-24,45.39,45.72,44.79,45.3
2018-12-25,44.97,45.78,44.97,45.66
2018-12-26,45.6,46.46,45.45,46.31
2018-12-27,46.1,46.94,45.86,46.49
2018-12-28,46.55,47.39,46.49,47.39
2019-01-02,47.12,47.15,45.12,46.01
2019-01-03,45.63,46.46,45.57,46.46
2019-01-04,46.4,46.4,45.24,45.72
2019-01-07,45.92,46.04,45.24,45.48
2019-01-08,45.36,46.58,45.36,46.43
2019-01-09,46.7,46.97,46.16,46.19
2019-01-10,46.01,46.37,45.48,45.75
2019-01-11,45.75,46.01,45.42,45.92
2019-01-14,45.8,46.01,45.33,45.57
2019-01-15,45.6,45.95,45.42,45.95
2019-01-16,45.98,46.46,45.75,46.31
2019-01-17,46.43,46.43,45.92,46.1
2019-01-18,46.43,47.12,46.25,47.0
2019-01-21,46.85,47.24,46.85,47.21
2019-01-22,47.3,47.42,47.0,47.18
2019-01-23,47.15,47.65,47.09,47.63
2019-01-24,47.65,47.83,47.21,47.6
2019-01-25,47.74,47.92,47.45,47.48
2019-01-28,47.63,47.95,47.12,47.48
2019-01-29,47.36,48.61,47.27,48.34
2019-01-30,48.61,48.61,47.98,48.31
2019-01-31,48.7,49.03,48.4,49.03
2019-02-01,49.15,49.24,48.64,48.79
2019-02-11,48.37,49.0,48.37,48.67
2019-02-12,48.79,48.91,48.28,48.76
2019-02-13,48.82,49.06,48.22,48.91
2019-02-14,48.73,49.0,48.52,48.7
2019-02-15,48.67,48.85,48.43,48.64
2019-02-18,48.85,48.88,48.31,48.76
2019-02-19,48.64,48.7,48.22,48.49
2019-02-20,48.55,48.55,48.19,48.46
2019-02-21,48.43,48.64,47.95,48.04
2019-02-22,48.04,48.34,47.6,48.34
2019-02-25,48.31,48.88,47.92,48.88
2019-02-26,48.64,49.24,48.52,48.58
2019-02-27,48.67,48.88,48.28,48.4
2019-02-28,48.4,48.64,48.16,48.64
2019-03-01,48.64,48.7,48.07,48.55
2019-03-04,48.52,48.88,48.31,48.52
2019-03-05,48.55,48.88,48.46,48.64
2019-03-06,48.64,50.67,48.49,50.31
2019-03-07,50.37,50.49,49.3,49.8
2019-03-08,49.53,49.95,49.0,49.71
2019-03-11,49.45,49.68,48.82,49.15
2019-03-12,49.09,49.62,48.58,48.79
2019-03-13,48.67,48.79,47.74,47.86
2019-03-14,47.86,48.73,47.71,48.61
2019-03-15,48.4,48.94,48.25,48.58
2019-03-18,48.61,50.25,48.61,49.98
2019-03-19,49.92,51.12,49.83,50.55
2019-03-20,50.28,50.55,49.95,50.25
2019-03-21,50.43,50.76,50.07,50.25
2019-03-22,50.28,51.09,50.16,51.09
2019-03-25,50.79,51.33,50.19,50.49
2019-03-26,50.73,51.03,50.43,50.88
2019-03-27,50.82,51.0,49.89,50.01
2019-03-28,49.89,50.97,49.39,50.55
2019-03-29,50.46,50.52,49.77,50.34
2019-04-01,50.58,51.15,50.19,50.43
2019-04-02,50.49,50.52,50.07,50.49
2019-04-03,50.28,50.52,50.01,50.4
2019-04-04,50.31,50.37,49.95,50.13
2019-04-08,50.13,50.28,49.24,49.39
2019-04-09,49.39,49.68,49.03,49.33
2019-04-10,49.39,49.83,49.06,49.48
2019-04-11,49.53,50.07,49.51,49.98
2019-04-12,49.98,50.49,49.86,50.37
2019-04-15,50.67,50.67,49.53,49.56
2019-04-16,49.56,50.13,49.3,50.07
2019-04-17,50.13,50.31,49.95,50.07
2019-04-18,50.07,50.22,49.68,49.77
2019-04-19,49.89,50.1,49.65,50.04
2019-04-22,50.04,50.25,49.74,49.77
2019-04-23,50.04,50.22,49.83,50.07
2019-04-24,50.28,50.37,49.95,50.25
2019-04-25,50.25,50.31,49.86,49.98
2019-04-26,49.83,50.22,49.36,49.42
2019-04-29,49.62,50.37,49.45,50.07
2019-04-30,49.77,50.37,49.68,50.34
2019-05-06,49.83,50.46,49.48,50.46
2019-05-07,50.31,50.79,49.92,50.25
2019-05-08,50.1,50.28,49.18,49.3
2019-05-09,49.09,49.45,48.85,48.94
2019-05-10,48.94,49.45,48.85,49.33
2019-05-13,49.21,49.48,48.97,49.24
2019-05-14,48.88,49.45,48.67,48.94
2019-05-15,48.88,49.06,48.73,48.97
2019-05-16,48.88,49.59,48.76,49.56
2019-05-17,49.53,49.68,49.27,49.42
2019-05-20,49.51,50.28,48.88,49.27
2019-05-21,49.21,50.04,48.97,49.8
2019-05-22,49.83,50.58,49.53,50.37
2019-05-23,50.19,50.7,50.13,50.43
2019-05-24,50.7,51.0,50.46,50.73
2019-05-27,50.73,51.27,50.28,50.58
2019-05-28,50.58,51.56,50.34,51.36
2019-05-29,50.85,51.71,50.61,51.39
2019-05-30,51.59,52.88,51.36,52.88
2019-05-31,52.97,53.32,52.49,52.85
2019-06-03,52.85,53.29,52.25,52.7
2019-06-04,52.82,52.91,52.16,52.52
2019-06-05,52.85,52.91,52.25,52.31
2019-06-06,52.52,52.82,52.25,52.28
2019-06-10,52.67,54.61,52.49,53.56
2019-06-11,53.74,54.25,53.5,53.71
2019-06-12,53.71,53.71,53.03,53.44
2019-06-13,53.44,53.47,52.61,52.73
2019-06-14,52.91,53.03,51.8,52.22
2019-06-17,52.31,52.76,52.1,52.49
2019-06-18,52.7,52.88,52.4,52.79
2019-06-19,53.29,53.38,52.76,53.06
2019-06-20,53.09,54.01,52.88,53.65
2019-06-21,53.71,53.77,52.58,52.61
2019-06-24,52.61,52.88,52.28,52.46
2019-06-25,52.55,52.94,52.31,52.67
2019-06-26,52.64,53.29,52.52,53.21
2019-06-27,53.29,53.41,52.94,53.15
2019-06-28,53.15,53.68,52.82,53.41
2019-07-01,53.68,53.71,53.03,53.15
2019-07-02,53.15,53.38,52.97,53.24
2019-07-03,53.24,54.73,53.03,54.49
2019-07-04,54.43,54.91,54.16,54.55
2019-07-05,54.67,54.91,54.19,54.82
2019-07-08,54.46,54.7,53.21,54.04
2019-07-09,54.16,54.19,53.12,53.24
2019-07-10,53.41,53.77,53.0,53.71
2019-07-11,53.98,54.52,53.77,54.46
2019-07-12,54.4,54.7,54.07,54.34
2019-07-15,54.52,54.7,53.41,54.28
2019-07-16,54.4,54.7,53.8,54.04
2019-07-17,54.19,54.25,53.71,53.98
2019-07-18,54.2,55.62,53.67,54.94
2019-07-19,55.04,55.69,54.94,55.69
2019-07-22,55.81,56.43,55.38,56.4
2019-07-23,56.28,56.74,55.84,56.43
2019-07-24,56.65,56.71,56.18,56.37
2019-07-25,55.81,56.52,55.66,56.49
2019-07-26,56.18,57.55,56.18,57.36
2019-07-29,57.45,58.76,57.45,58.29
2019-07-30,58.29,58.79,58.04,58.1
2019-07-31,57.83,58.1,57.67,58.04
2019-08-01,57.7,58.66,57.67,58.17
2019-08-02,57.7,58.48,56.93,58.26
2019-08-05,57.64,57.98,56.43,56.59
2019-08-06,55.84,57.58,55.5,56.86
2019-08-07,56.96,57.73,56.68,56.83
2019-08-08,57.3,58.97,56.99,58.66
2019-08-09,58.51,58.73,57.95,58.48
2019-08-12,58.14,58.6,57.7,58.2
2019-08-13,58.17,58.17,57.45,58.07
2019-08-14,58.14,58.69,57.86,58.35
2019-08-15,57.92,58.45,57.64,58.41
2019-08-16,58.48,59.07,57.98,59.07
2019-08-19,59.13,60.93,58.73,60.52
2019-08-20,60.15,60.71,58.48,58.6
2019-08-21,58.79,59.16,58.07,58.2
2019-08-22,58.63,58.63,57.55,58.29
2019-08-23,58.29,58.79,57.98,58.6
2019-08-26,58.54,59.25,57.7,58.45
2019-08-27,58.79,60.09,58.48,59.47
2019-08-28,59.53,59.59,58.76,59.04
2019-08-29,59.04,59.16,57.92,58.23
2019-08-30,58.54,58.57,57.58,57.73
2019-09-02,57.55,57.86,56.9,56.99
2019-09-03,56.93,58.07,56.93,57.79
2019-09-04,57.92,58.14,56.83,57.45
2019-09-05,57.36,57.79,56.9,57.27
2019-09-06,57.33,57.67,56.99,57.67
2019-09-09,57.86,57.86,57.3,57.48
2019-09-10,57.58,57.89,57.14,57.86
2019-09-11,57.89,57.89,57.42,57.83
2019-09-12,57.86,58.48,57.61,58.45
2019-09-16,58.45,59.0,58.14,58.91
2019-09-17,58.91,58.97,57.21,57.39
2019-09-18,57.48,58.51,57.3,58.26
2019-09-19,58.26,58.41,57.45,57.83
2019-09-20,58.1,58.51,57.52,58.51
2019-09-23,58.26,58.29,57.55,58.01
2019-09-24,57.98,58.91,57.64,58.85
2019-09-25,58.85,58.85,57.08,57.17
2019-09-26,57.61,57.79,56.83,57.11
2019-09-27,57.11,57.3,55.84,56.43
2019-09-30,56.28,57.11,56.21,56.52
2019-10-08,56.4,57.86,56.28,57.61
2019-10-09,57.45,57.73,57.11,57.27
2019-10-10,57.17,57.17,56.12,56.55
2019-10-11,56.59,57.17,56.28,56.96
2019-10-14,57.02,57.24,56.31,56.52
2019-10-15,56.59,56.59,55.44,55.5
2019-10-16,55.47,55.9,54.88,55.22
2019-10-17,55.31,55.75,55.04,55.41
2019-10-18,55.41,55.59,54.35,54.97
2019-10-21,54.66,54.97,53.98,54.01
2019-10-22,54.29,54.66,53.58,54.63
2019-10-23,54.57,55.1,54.51,55.07
2019-10-24,55.16,55.47,54.82,55.07
2019-10-25,55.19,55.19,54.2,55.16
2019-10-28,55.04,55.62,54.85,54.97
2019-10-29,55.04,55.04,54.07,54.26
2019-10-30,54.26,54.94,54.17,54.54
2019-10-31,54.76,55.38,54.57,55.38
2019-11-01,55.38,55.56,55.0,55.44
2019-11-04,55.62,56.0,55.47,55.81
2019-11-05,55.9,56.34,55.56,56.06
2019-11-06,56.21,56.21,55.87,56.03
2019-11-07,55.87,55.97,55.07,55.25
2019-11-08,55.44,56.0,55.16,55.81
2019-11-11,55.66,56.03,55.38,55.81
2019-11-12,55.9,56.31,55.72,56.09
2019-11-13,55.97,56.18,55.53,55.78
2019-11-14,56.0,56.12,55.19,55.22
2019-11-15,55.47,56.06,55.13,55.66
2019-11-18,55.66,56.12,55.35,56.03
2019-11-19,55.87,56.31,55.81,56.03
2019-11-20,55.93,56.55,55.87,56.18
2019-11-21,56.03,56.34,55.69,55.81
2019-11-22,55.59,55.78,55.19,55.5
2019-11-25,55.53,56.4,55.44,56.28
2019-11-26,56.43,56.99,55.81,56.96
2019-11-27,56.49,56.49,55.84,56.09
2019-11-28,56.03,56.24,55.9,56.18
2019-11-29,56.03,56.28,55.62,56.21
2019-12-02,55.84,56.34,55.47,55.62
2019-12-03,55.75,55.81,55.53,55.66
2019-12-04,55.93,55.93,55.28,55.62
2019-12-05,55.59,55.72,55.19,55.28
2019-12-06,55.5,55.53,54.76,55.28
2019-12-09,55.31,55.62,54.97,55.56
2019-12-10,55.47,55.66,55.19,55.31
2019-12-11,55.5,55.84,55.28,55.84
2019-12-12,56.03,57.21,55.9,57.11
2019-12-13,57.3,58.29,56.96,57.39
2019-12-16,57.48,58.63,57.42,58.38
2019-12-17,58.35,58.57,57.92,58.2
2019-12-18,58.29,58.29,56.8,57.05
2019-12-19,57.05,57.42,56.71,57.08
2019-12-20,56.83,57.17,56.55,56.71
2019-12-23,56.96,57.02,56.18,56.62
2019-12-24,56.59,56.59,56.18,56.43
2019-12-25,56.49,56.49,55.87,56.06
2019-12-26,55.53,56.49,55.53,56.37
2019-12-27,56.18,56.46,56.12,56.4
2019-12-30,56.28,57.24,56.15,56.96
2019-12-31,57.05,57.11,56.62,56.99
2020-01-02,57.24,57.67,57.02,57.27
2020-01-03,57.36,57.83,57.21,57.58
2020-01-06,57.48,57.7,55.97,56.43
2020-01-07,56.49,56.62,56.12,56.4
2020-01-08,56.06,56.34,55.78,55.97
2020-01-09,56.18,56.21,55.72,56.09
2020-01-10,56.03,56.18,55.75,55.81
2020-01-13,55.93,56.24,55.78,56.03
2020-01-14,56.15,56.46,56.0,56.37
2020-01-15,56.24,56.49,55.75,55.84
2020-01-16,55.87,56.06,55.66,55.87
2020-01-17,55.5,55.84,54.85,55.0
2020-01-20,55.16,55.62,54.66,55.41
2020-01-21,55.07,55.38,54.91,55.16
2020-01-22,55.13,55.13,54.29,54.57
2020-01-23,54.23,54.48,52.99,53.17
2020-02-03,50.85,53.24,49.64,53.11
2020-02-04,52.68,55.19,52.34,53.67
2020-02-05,53.52,54.11,53.17,53.67
2020-02-06,54.11,54.11,53.42,54.07
2020-02-07,53.33,55.66,53.33,55.47
2020-02-10,54.82,55.28,54.54,54.66
2020-02-11,54.76,55.28,54.48,54.57
2020-02-12,54.51,54.54,53.92,54.51
2020-02-13,54.29,54.69,54.11,54.57
2020-02-14,54.32,54.69,54.14,54.63
2020-02-17,54.57,54.91,54.42,54.85
2020-02-18,54.63,54.79,54.29,54.32
2020-02-19,54.29,54.54,54.14,54.32
2020-02-20,54.26,54.76,54.11,54.63
2020-02-21,54.45,54.6,54.11,54.35
2020-02-24,54.23,54.35,53.89,53.98
2020-02-25,53.76,54.14,53.27,53.27
2020-02-26,52.86,53.14,52.68,52.71
2020-02-27,52.74,53.49,52.55,53.42
2020-02-28,52.96,53.45,52.4,52.8
2020-03-02,52.86,53.98,52.86,53.52
2020-03-03,53.7,54.82,53.7,54.48
2020-03-04,54.73,55.04,54.38,54.54
2020-03-05,54.69,55.04,54.51,54.94
2020-03-06,54.57,54.94,54.04,54.2
2020-03-09,53.33,54.63,52.77,54.11
2020-03-10,53.55,55.07,53.55,54.69
2020-03-11,55.07,55.13,54.32,54.54
2020-03-12,54.29,54.54,53.67,54.11
2020-03-13,52.9,53.64,52.59,52.71
2020-03-16,52.93,53.14,52.34,52.46
2020-03-17,52.28,53.49,52.28,52.49
2020-03-18,52.34,52.68,51.78,51.84
2020-03-19,51.62,52.03,50.2,50.73
2020-03-20,51.22,51.81,50.54,51.13
2020-03-23,50.14,51.62,49.8,51.22
2020-03-24,51.59,52.68,51.47,52.43
2020-03-25,53.02,53.14,52.21,52.8
2020-03-26,52.37,52.74,51.87,52.18
2020-03-27,52.4,52.62,52.03,52.43
2020-03-30,52.28,53.05,52.06,53.02
2020-03-31,53.02,53.86,52.93,53.61
2020-04-01,53.61,53.8,52.59,52.8
2020-04-02,52.59,53.83,52.59,53.52
2020-04-03,53.52,53.73,53.08,53.39
2020-04-07,54.07,54.07,53.36,53.49
2020-04-08,53.49,53.55,52.77,53.36
2020-04-09,53.36,53.36,52.77,52.9
2020-04-10,52.9,53.08,52.71,52.86
2020-04-13,52.74,53.11,52.74,53.05
2020-04-14,53.24,53.55,52.99,53.42
2020-04-15,53.27,53.7,52.83,52.93
2020-04-16,52.77,53.42,52.77,53.17
2020-04-17,53.17,53.27,52.86,53.08
2020-04-20,53.05,53.14,52.71,52.71
2020-04-21,52.62,53.02,52.59,52.99
2020-04-22,52.96,53.39,52.77,53.39
2020-04-23,53.61,53.89,53.24,53.64
2020-04-24,53.64,54.42,53.55,54.35
2020-04-27,54.48,55.62,54.45,54.6
2020-04-28,54.54,55.38,54.14,55.04
2020-04-29,55.13,55.16,53.92,54.6
2020-04-30,54.26,54.73,53.89,54.11
2020-05-06,53.67,54.26,53.21,53.45
2020-05-07,53.27,53.27,52.71,52.8
2020-05-08,53.02,53.24,52.9,52.99
2020-05-11,53.08,53.42,52.86,53.21
2020-05-12,53.42,53.8,53.21,53.39
2020-05-13,53.36,53.45,52.99,53.27
2020-05-14,53.52,53.52,52.93,53.17
2020-05-15,53.17,53.27,52.96,53.21
2020-05-18,53.05,53.11,52.68,52.83
2020-05-19,53.11,53.11,52.77,52.77
2020-05-20,52.8,52.9,52.68,52.83
2020-05-21,52.93,52.96,52.59,52.77
2020-05-22,52.65,52.71,52.0,52.0
2020-05-25,52.49,52.99,51.78,52.93
2020-05-26,53.24,53.27,52.65,52.9
2020-05-27,52.71,52.9,52.59,52.65
2020-05-28,53.02,54.11,52.96,54.11
2020-05-29,54.11,54.11,53.39,53.92
2020-06-01,54.04,55.56,53.95,55.19
2020-06-02,54.88,55.81,54.69,55.81
2020-06-03,56.0,56.68,55.66,56.31
2020-06-04,56.31,56.49,55.19,55.19
2020-06-05,55.47,55.66,54.76,55.04
2020-06-08,55.19,55.97,54.38,55.47
2020-06-09,55.35,56.03,55.1,55.87
2020-06-10,55.93,55.93,55.1,55.41
2020-06-11,55.44,55.59,54.57,54.57
2020-06-12,53.45,54.51,53.33,54.35
2020-06-15,53.8,54.07,53.39,53.42
2020-06-16,53.89,54.91,53.83,54.69
2020-06-17,54.54,56.15,54.32,55.56
2020-06-18,55.62,56.74,55.62,56.4
2020-06-19,56.62,57.05,56.06,56.34
2020-06-22,56.55,56.93,55.81,56.46
2020-06-23,56.03,58.6,55.47,58.14
2020-06-24,58.6,60.31,58.6,59.19
2020-06-29,59.16,59.78,58.73,58.85
2020-06-30,59.19,59.87,58.57,58.73
2020-07-01,59.07,60.31,58.63,60.31
2020-07-02,60.21,60.43,59.1,59.38
2020-07-03,59.38,59.87,58.63,59.19
2020-07-06,59.38,60.68,59.31,59.87
2020-07-07,60.31,61.02,59.9,59.9
2020-07-08,59.97,60.46,59.38,59.47
2020-07-09,59.53,59.78,58.63,59.0
2020-07-10,59.0,59.93,58.54,58.57
2020-07-13,58.91,60.09,58.91,59.41
2020-07-14,59.22,60.93,59.22,60.18
2020-07-15,60.46,61.98,60.24,61.89
2020-07-16,61.98,62.01,59.28,59.31
2020-07-17,59.51,60.28,59.22,59.83
2020-07-20,59.8,60.44,59.22,59.92
2020-07-21,60.12,60.95,59.8,60.02
2020-07-22,59.83,60.7,59.22,60.02
2020-07-23,59.57,60.28,59.41,59.99
2020-07-24,59.76,59.99,57.93,58.51
2020-07-27,58.86,59.73,58.57,59.57
2020-07-28,59.8,60.57,59.47,59.99
2020-07-29,59.67,59.92,58.67,59.7
2020-07-30,59.7,60.25,58.67,58.93
2020-07-31,59.31,59.92,58.61,59.06
2020-08-03,58.93,59.7,58.67,58.93
2020-08-04,59.19,59.22,58.74,58.99
2020-08-05,58.99,59.28,58.22,58.41
2020-08-06,58.51,58.61,58.03,58.09
2020-08-07,58.32,58.38,57.87,58.12
2020-08-10,58.19,58.61,57.84,58.06
2020-08-11,58.32,58.38,57.84,58.09
2020-08-12,57.9,58.09,57.26,57.93
2020-08-13,57.96,58.38,57.64,57.93
2020-08-14,58.19,58.57,57.93,58.54
2020-08-17,58.86,59.22,58.77,59.06
2020-08-18,59.09,59.22,58.54,58.64
2020-08-19,58.8,60.31,58.32,59.57
2020-08-20,59.51,61.02,58.93,61.02
2020-08-21,61.4,61.79,60.44,61.05
2020-08-24,61.05,61.56,60.12,60.79
2020-08-25,60.6,60.83,59.54,59.64
2020-08-26,60.09,60.47,59.67,60.18
2020-08-27,60.47,60.47,59.64,60.02
2020-08-28,60.12,61.18,59.73,61.05
2020-08-31,60.92,62.88,60.79,62.05
2020-09-01,62.05,62.85,61.6,62.79
2020-09-02,63.01,63.53,62.05,63.17
2020-09-03,63.49,65.45,63.36,64.36
2020-09-04,63.98,65.17,63.69,64.33
2020-09-07,64.27,65.9,64.04,64.55
2020-09-08,64.97,65.74,64.3,64.3
2020-09-09,63.98,64.91,63.36,64.27
2020-09-10,64.2,64.91,63.49,64.52
2020-09-11,64.3,65.74,64.17,65.45
2020-09-14,65.58,67.45,65.04,67.19
2020-09-15,67.51,67.51,65.94,66.19
2020-09-16,66.55,66.74,65.52,66.26
2020-09-17,66.26,66.71,65.36,65.65
2020-09-18,66.29,66.93,65.74,66.58
2020-09-21,66.26,66.55,65.29,65.33
2020-09-22,65.33,66.0,64.39,64.46
2020-09-23,64.97,65.13,64.27,64.33
2020-09-24,63.78,63.78,62.14,62.37
2020-09-25,62.69,62.69,59.86,60.63
2020-09-28,60.76,61.98,60.5,61.24
2020-09-29,61.69,61.82,60.83,61.21
2020-09-30,61.44,61.66,60.76,61.5
2020-10-09,61.56,61.82,60.76,60.95
2020-10-12,60.54,62.37,60.5,61.89
2020-10-13,61.89,62.46,61.02,62.14
2020-10-14,62.21,62.37,61.34,61.47
2020-10-15,61.28,61.6,60.44,61.18
2020-10-16,61.18,61.53,60.79,60.79
2020-10-19,61.02,61.44,60.44,60.5
2020-10-20,60.44,60.73,60.31,60.57
2020-10-21,60.5,61.24,60.12,61.08
2020-10-22,61.08,61.31,60.54,61.08
2020-10-23,61.08,61.08,60.21,60.21
2020-10-26,60.15,61.18,60.12,61.05
2020-10-27,60.79,61.73,60.63,61.37
2020-10-28,61.37,61.98,61.28,61.5
2020-10-29,61.02,61.37,60.57,60.76
2020-10-30,60.76,61.6,60.76,60.95
2020-11-02,61.21,63.81,61.21,63.62
2020-11-03,63.94,64.84,63.4,64.3
2020-11-04,63.98,64.46,63.4,64.14
2020-11-05,64.3,65.87,64.07,65.42
2020-11-06,65.23,65.65,64.49,65.45
2020-11-09,65.0,66.07,64.72,65.45
2020-11-10,65.1,66.42,64.46,65.0
2020-11-11,65.0,66.64,64.43,66.03
2020-11-12,66.52,66.97,65.65,66.26
2020-11-13,66.29,66.29,64.81,65.45
2020-11-16,65.78,65.87,63.91,64.23
2020-11-17,64.3,64.3,62.63,62.85
2020-11-18,62.85,64.1,62.69,63.56
2020-11-19,63.81,64.17,63.17,63.78
2020-11-20,63.91,63.94,63.04,63.69
2020-11-23,63.91,64.14,63.04,63.98
2020-11-24,63.69,64.04,63.3,63.36
2020-11-25,63.46,63.59,62.53,62.56
2020-11-26,62.72,65.1,62.59,65.04
2020-11-27,64.78,65.29,63.88,65.29
2020-11-30,64.97,66.55,64.52,64.65
2020-12-01,64.75,65.55,64.36,65.26
2020-12-02,65.81,65.81,64.78,64.94
2020-12-03,64.94,65.2,64.49,65.07
2020-12-04,65.07,65.2,64.23,64.68
2020-12-07,64.49,64.65,63.62,63.65
2020-12-08,63.94,63.98,63.36,63.75
2020-12-09,63.78,64.78,63.72,64.59
2020-12-10,64.23,64.62,63.94,64.14
2020-12-11,64.3,65.26,63.27,64.33
2020-12-14,64.2,64.39,63.56,63.56
2020-12-15,63.33,63.65,62.72,62.79
2020-12-16,63.01,63.81,62.85,63.53
2020-12-17,63.65,64.62,63.11,63.72
2020-12-18,64.01,64.36,63.24,63.49
2020-12-21,63.56,63.78,62.75,62.95
2020-12-22,63.01,63.04,61.5,61.56
2020-12-23,61.69,61.79,60.76,61.24
2020-12-24,61.37,61.56,60.79,61.02
2020-12-25,60.83,62.59,60.83,62.11
2020-12-28,62.4,62.63,61.21,61.5
2020-12-29,61.73,61.85,60.83,61.02
2020-12-30,61.05,61.66,60.79,61.18
2020-12-31,61.34,61.73,60.83,61.6
2021-01-04,61.44,61.5,60.47,60.76
2021-01-05,60.6,60.76,60.15,60.73
2021-01-06,60.38,61.76,60.21,61.76
2021-01-07,62.08,62.91,61.18,61.82
2021-01-08,62.05,62.53,61.4,62.18
2021-01-11,62.21,62.43,61.24,61.4
2021-01-12,61.4,61.6,60.54,61.6
2021-01-13,61.6,62.53,60.92,62.43
2021-01-14,62.21,63.04,61.56,61.66
2021-01-15,61.4,62.11,61.18,61.73
2021-01-18,61.73,61.89,61.02,61.4
2021-01-19,61.56,62.63,61.47,62.37
2021-01-20,62.3,62.3,61.24,61.4
2021-01-21,61.24,61.69,61.11,61.5
2021-01-22,61.24,61.37,60.76,60.79
2021-01-25,60.73,61.15,59.47,60.76
2021-01-26,60.34,61.24,60.05,61.05
2021-01-27,61.11,61.85,61.02,61.6
2021-01-28,62.85,65.13,62.24,64.3
2021-01-29,63.65,64.78,62.37,63.27
2021-02-01,63.65,63.65,62.11,62.46
2021-02-02,63.27,63.56,62.08,62.72
2021-02-03,63.01,63.4,62.14,62.63
2021-02-04,62.21,62.95,62.05,62.75
2021-02-05,62.79,63.2,62.18,62.46
2021-02-08,62.56,64.39,62.46,62.69
2021-02-09,62.79,63.08,61.18,61.98
2021-02-10,62.01,63.62,61.82,63.3
2021-02-18,63.75,64.14,62.75,63.11
2021-02-19,63.17,64.62,62.95,64.23
2021-02-22,64.17,64.17,62.69,62.88
2021-02-23,63.01,64.01,62.88,63.43
2021-02-24,63.85,63.88,62.69,63.04
2021-02-25,63.2,64.04,63.01,63.65
2021-02-26,63.17,64.27,63.04,63.49
2021-03-01,63.65,63.75,62.85,63.24
2021-03-02,63.33,64.55,63.08,63.49
2021-03-03,63.43,64.46,63.3,64.39
2021-03-04,64.04,66.16,64.04,65.17
2021-03-05,64.78,65.33,63.46,64.94
2021-03-08,64.72,65.97,64.39,64.94
2021-03-09,65.23,67.77,64.62,65.1
2021-03-10,64.33,65.17,63.69,63.98
2021-03-11,64.14,65.42,64.01,64.94
2021-03-12,65.13,70.63,64.97,68.54
2021-03-15,68.54,69.83,66.71,67.32
2021-03-16,67.32,67.83,66.42,67.22
2021-03-17,67.42,67.51,65.42,65.65
2021-03-18,65.62,66.32,65.04,65.68
2021-03-19,65.17,66.48,64.81,65.81
2021-03-22,65.78,68.61,65.74,68.19
2021-03-23,67.99,68.93,66.84,67.42
2021-03-24,67.35,67.61,66.16,66.8
2021-03-25,66.87,67.74,66.35,67.7
2021-03-26,67.19,68.03,66.74,66.97
2021-03-29,66.71,68.64,66.55,68.35
2021-03-30,68.25,69.02,67.74,68.93
2021-03-31,68.93,69.12,68.32,68.93
2021-04-01,68.83,69.86,68.57,69.54
2021-04-02,69.44,69.44,67.7,67.9
2021-04-06,67.9,68.19,67.0,67.35
2021-04-07,67.87,68.12,67.35,67.93
2021-04-08,67.54,67.83,66.68,67.06
2021-04-09,67.06,67.48,66.71,67.03
2021-04-12,66.87,68.64,66.84,68.12
2021-04-13,67.87,68.28,67.03,67.58
2021-04-14,67.67,67.77,66.58,66.74
2021-04-15,66.74,66.97,65.2,65.33
2021-04-16,65.58,66.26,65.33,65.81
2021-04-19,65.62,66.35,65.58,65.94
2021-04-20,65.71,66.32,65.62,66.26
2021-04-21,66.07,66.39,65.81,66.23
2021-04-22,66.23,66.39,65.33,65.58
2021-04-23,65.55,65.58,64.36,65.52
2021-04-26,65.45,65.74,64.81,64.81
2021-04-27,64.65,65.13,64.52,64.68
2021-04-28,64.78,64.94,64.2,64.68
2021-04-29,64.59,64.91,64.2,64.72
2021-04-30,64.72,64.78,63.65,64.2
2021-05-06,63.98,64.52,63.88,63.94
2021-05-07,63.98,64.2,63.3,63.53
2021-05-10,63.49,63.78,62.88,63.24
2021-05-11,63.14,64.14,62.75,63.94
2021-05-12,63.81,64.2,63.33,63.56
2021-05-13,63.33,63.91,63.11,63.53
2021-05-14,63.49,63.56,62.85,63.17
2021-05-17,63.2,63.98,63.08,63.53
2021-05-18,63.49,63.62,63.2,63.62
2021-05-19,63.62,63.65,62.98,63.04
2021-05-20,62.95,63.08,62.08,62.46
2021-05-21,62.56,63.14,62.43,63.01
2021-05-24,63.04,63.17,62.18,62.3
2021-05-25,62.18,63.78,61.66,63.69
2021-05-26,63.49,63.53,62.4,62.43
2021-05-27,62.5,62.75,62.34,62.5
2021-05-28,62.53,63.3,62.3,63.24
2021-05-31,63.46,63.85,62.85,63.85
2021-06-01,63.85,64.52,63.4,64.07
2021-06-02,64.23,64.46,63.36,63.72
2021-06-03,63.72,64.39,63.43,63.98
2021-06-04,63.98,64.36,63.56,63.88
2021-06-07,63.88,63.88,63.2,63.46
2021-06-08,63.56,63.98,63.36,63.72
2021-06-09,63.88,65.36,63.75,65.33
2021-06-10,65.36,66.23,65.13,65.33
2021-06-11,65.42,66.97,65.33,66.52
2021-06-15,66.52,66.71,65.45,65.68
2021-06-16,65.68,66.19,65.0,65.58
2021-06-17,65.71,66.61,65.39,65.58
2021-06-18,65.81,65.97,64.49,64.55
2021-06-21,64.68,64.75,63.65,64.1
2021-06-22,64.04,65.33,64.04,64.78
2021-06-23,65.1,65.52,64.46,65.17
2021-06-24,65.26,65.74,65.04,65.58
2021-06-25,65.71,66.61,65.26,66.35
2021-06-28,66.93,68.96,66.8,67.42
2021-06-29,67.42,67.42,65.45,65.9
2021-06-30,65.94,66.58,65.55,66.35
2021-07-01,66.39,67.35,65.62,67.16
2021-07-02,66.64,66.71,65.1,65.26
2021-07-05,65.26,65.58,64.43,64.72
2021-07-06,64.62,66.61,64.14,65.17
2021-07-07,65.23,65.68,64.65,65.29
2021-07-08,65.55,65.74,64.43,65.29
2021-07-09,65.13,65.58,64.91,65.29
2021-07-12,65.52,65.65,64.01,64.17
2021-07-13,64.01,64.97,63.72,64.91
2021-07-14,64.97,65.13,64.07,64.97
2021-07-15,64.65,65.39,64.2,65.2
2021-07-16,65.3,65.3,63.87,64.23
2021-07-19,64.17,64.7,63.77,64.6
2021-07-20,64.56,64.73,63.93,64.23
2021-07-21,64.0,64.23,63.27,63.3
2021-07-22,63.23,63.53,62.57,62.73
2021-07-23,62.93,63.13,62.03,62.57
2021-07-26,62.23,63.0,62.17,62.73
2021-07-27,62.73,62.77,60.57,61.04
2021-07-28,60.6,62.67,60.6,62.47
2021-07-29,62.23,62.83,61.77,61.9
2021-07-30,61.93,63.27,61.53,63.27
2021-08-02,63.17,63.4,61.87,62.93
2021-08-03,62.63,63.23,62.33,62.87
2021-08-04,62.73,64.17,62.2,63.47
2021-08-05,63.33,63.93,62.93,63.77
2021-08-06,63.6,63.67,62.87,63.43
2021-08-09,63.33,64.6,63.27,64.43
2021-08-10,64.43,65.16,64.03,65.1
2021-08-11,64.93,65.43,64.76,65.16
2021-08-12,65.06,66.13,64.93,65.56
2021-08-13,65.56,65.86,65.06,65.26
2021-08-16,65.4,65.83,65.1,65.83
2021-08-17,65.96,66.43,64.73,65.36
2021-08-18,64.93,65.9,64.9,65.56
2021-08-19,65.2,66.43,65.13,66.33
2021-08-20,66.5,66.83,65.13,66.1
2021-08-23,66.16,67.53,66.1,66.6
2021-08-24,66.83,67.1,65.93,66.1
2021-08-25,66.33,66.36,65.5,65.7
2021-08-26,65.7,65.9,64.9,64.93
2021-08-27,65.03,65.76,64.66,65.03
2021-08-30,64.66,64.86,63.2,63.57
2021-08-31,63.5,64.66,62.93,64.4
2021-09-01,64.6,66.56,64.4,66.0
2021-09-02,65.66,66.6,65.36,66.53
2021-09-03,66.6,67.1,66.06,66.8
2021-09-06,66.83,67.49,66.5,66.66
2021-09-07,66.73,67.13,66.2,66.7
2021-09-08,66.76,68.09,66.76,67.69
2021-09-09,68.26,68.29,66.33,67.89
2021-09-10,67.89,68.36,67.36,67.93
2021-09-13,67.83,68.76,67.49,67.86
2021-09-14,67.89,68.06,66.63,66.9
2021-09-15,66.6,66.86,65.43,65.63
2021-09-16,65.63,67.33,65.36,65.8
2021-09-17,65.83,68.19,65.83,67.63
2021-09-22,67.49,72.22,67.43,71.12
2021-09-23,71.42,73.02,70.09,70.69
2021-09-24,71.69,71.76,69.43,70.23
2021-09-27,71.46,72.12,70.29,71.86
2021-09-28,71.56,73.46,70.33,72.56
2021-09-29,72.02,73.99,71.09,73.65
2021-09-30,73.92,74.19,71.36,73.26
2021-10-08,74.92,74.95,72.22,73.09
2021-10-11,73.59,73.82,71.26,71.99
2021-10-12,71.29,71.86,70.19,71.02
2021-10-13,70.76,70.76,68.93,69.43
2021-10-14,69.43,69.76,68.43,68.86
2021-10-15,68.69,69.63,68.26,69.43
2021-10-18,69.43,70.72,69.06,70.13
2021-10-19,69.59,71.26,69.13,70.96
2021-10-20,70.92,71.19,69.59,69.89
2021-10-21,69.93,70.19,69.29,70.16
2021-10-22,70.09,70.33,69.39,69.93
2021-10-25,69.73,71.09,69.53,70.03
2021-10-26,70.13,70.76,69.86,70.46
2021-10-27,70.39,70.82,69.86,70.82
2021-10-28,70.46,70.76,69.89,70.36
2021-10-29,70.26,70.76,69.46,70.76
2021-11-01,70.29,71.32,70.13,71.19
2021-11-02,71.22,71.36,68.79,69.76
2021-11-03,69.36,70.89,69.16,70.49
2021-11-04,70.46,70.82,69.99,70.13
2021-11-05,70.03,70.36,68.76,68.79
2021-11-08,69.03,69.06,67.63,67.76
2021-11-09,68.43,68.56,67.0,67.73
2021-11-10,67.93,67.93,66.3,67.1
2021-11-11,66.93,67.39,66.46,67.03
2021-11-12,67.06,67.23,65.93,66.5
2021-11-15,66.83,67.49,66.33,67.16
2021-11-16,66.93,67.36,66.36,66.6
2021-11-17,66.63,67.23,66.46,66.8
2021-11-18,66.6,67.03,66.46,66.73
2021-11-19,66.66,67.49,66.53,67.3
2021-11-22,67.33,67.53,66.56,66.56
2021-11-23,66.5,66.66,66.26,66.53
2021-11-24,66.73,66.73,65.66,65.9
2021-11-25,65.93,66.3,65.53,65.9
2021-11-26,65.76,65.76,64.9,65.03
2021-12-13,71.49,71.52,68.33,69.46
2021-12-14,68.43,72.49,67.76,72.19
2021-12-15,71.69,72.86,71.59,72.69
2021-12-16,72.52,73.32,72.09,73.32
2021-12-17,73.16,73.85,72.66,72.96
2021-12-20,72.39,73.36,71.56,72.42
2021-12-21,72.69,73.72,72.36,73.19
2021-12-22,73.22,73.85,73.02,73.29
2021-12-23,73.32,74.12,72.96,73.92
2021-12-24,73.82,76.69,73.49,74.49
2021-12-27,74.42,75.62,73.46,74.42
2021-12-28,74.72,75.09,73.65,74.49
2021-12-29,74.49,74.62,73.69,74.09
2021-12-30,73.82,75.25,73.59,75.02
2021-12-31,74.82,75.99,74.82,75.59
2022-01-04,75.89,76.25,75.09,76.05
2022-01-05,75.75,76.35,75.09,75.89
2022-01-06,75.45,75.85,73.12,73.29
2022-01-07,73.79,74.52,72.89,73.79
2022-01-10,73.65,74.89,73.65,74.59
2022-01-11,74.75,76.55,74.52,74.92
2022-01-12,74.82,75.32,73.32,74.15
2022-01-13,74.25,74.92,73.59,74.45
2022-01-14,74.65,75.45,73.36,74.75
2022-01-17,74.75,76.39,74.72,75.32
2022-01-18,75.45,76.52,74.95,76.12
2022-01-19,76.05,76.72,75.75,76.42
2022-01-20,76.49,78.32,76.15,76.85
2022-01-21,76.82,77.35,75.95,76.52
2022-01-24,76.52,77.18,75.62,76.09
2022-01-25,75.52,76.09,74.72,74.72
2022-01-26,74.79,75.82,74.55,75.15
2022-01-27,75.19,75.25,73.69,74.52
2022-01-28,74.85,75.25,72.92,72.99
2022-02-07,73.59,75.19,73.22,74.55
2022-02-08,74.75,77.32,74.55,77.32
2022-02-09,77.42,78.05,76.45,77.68
2022-02-10,78.08,79.22,77.22,79.18
2022-02-11,79.15,79.72,78.65,79.05
2022-02-14,79.05,79.05,77.15,77.88
2022-02-15,77.85,78.15,76.59,76.92
2022-02-16,77.12,77.88,76.82,76.88
2022-02-17,76.88,77.95,76.72,77.38
2022-02-18,77.38,77.62,76.62,77.35
2022-02-21,76.92,77.25,76.29,76.75
2022-02-22,76.42,76.59,75.59,76.05
2022-02-23,76.25,76.52,75.52,75.92
2022-02-24,76.05,76.69,75.05,75.45
2022-02-25,75.62,76.25,75.39,75.75
2022-02-28,75.95,77.32,75.62,77.18
2022-03-01,77.25,77.85,76.78,77.48
2022-03-02,77.48,78.78,77.18,78.48
2022-03-03,78.92,80.01,78.62,79.75
2022-03-04,79.58,80.08,78.25,79.75
2022-03-07,79.48,80.41,79.02,79.32
2022-03-08,79.28,79.45,76.82,77.25
2022-03-09,77.42,78.45,74.62,76.52
2022-03-10,77.42,77.58,75.52,75.62
2022-03-11,75.25,75.45,73.59,75.25
2022-03-14,74.65,76.25,74.35,74.92
2022-03-15,74.55,74.59,70.03,70.43
2022-03-16,71.26,75.05,70.23,74.52
2022-03-17,75.25,75.35,72.69,72.92
2022-03-18,72.86,73.89,72.32,72.52
2022-03-21,73.26,73.26,71.56,72.09
2022-03-22,72.26,73.75,72.02,73.39
2022-03-23,73.59,74.02,72.59,72.89
2022-03-24,72.29,72.82,71.76,71.82
2022-03-25,71.66,72.26,70.89,70.96
2022-03-28,70.59,72.76,69.63,72.42
2022-03-29,72.19,72.99,71.96,72.62
2022-03-30,72.86,73.26,72.12,72.92
2022-03-31,72.92,73.69,72.36,73.26
2022-04-01,73.06,74.22,72.66,73.99
2022-04-06,73.32,74.82,73.32,74.45
2022-04-07,74.55,75.75,74.12,75.49
2022-04-08,75.59,77.38,75.39,77.25
2022-04-11,77.52,77.68,75.89,76.39
2022-04-12,77.15,77.58,75.89,76.72
2022-04-13,76.45,77.48,76.25,76.88
2022-04-14,76.88,78.25,76.69,77.38
2022-04-15,77.35,78.45,77.25,77.92
2022-04-18,77.35,77.95,76.09,76.42
2022-04-19,76.69,78.15,76.62,77.22
2022-04-20,77.52,78.32,76.72,77.75
2022-04-21,77.45,78.82,77.32,78.38
2022-04-22,77.95,78.88,76.69,78.88
2022-04-25,78.22,79.02,76.29,76.32
2022-04-26,76.32,77.88,76.12,77.22
2022-04-27,77.52,77.72,75.49,76.19
2022-04-28,75.52,76.78,74.79,76.62
2022-04-29,76.55,76.88,75.09,75.65
2022-05-05,76.09,77.35,75.65,76.85
2022-05-06,76.52,77.42,75.25,75.65
2022-05-09,75.69,75.82,74.15,74.39
2022-05-10,74.39,76.09,73.62,76.05
2022-05-11,75.75,76.25,74.82,75.09
2022-05-12,75.22,75.85,73.62,74.29
2022-05-13,74.59,77.35,74.19,77.35
2022-05-16,77.45,77.58,76.35,76.55
2022-05-17,77.08,77.48,76.25,76.59
2022-05-18,76.85,76.85,75.29,75.85
2022-05-19,75.65,77.58,75.55,77.52
2022-05-20,77.92,79.22,77.25,77.58
2022-05-23,78.25,78.25,75.65,76.25
2022-05-24,75.95,77.02,75.75,76.22
2022-05-25,76.72,77.55,76.39,77.28
2022-05-26,77.75,79.38,77.28,79.25
2022-05-27,79.88,79.98,78.85,78.98
2022-05-30,79.52,80.01,78.45,79.05
2022-05-31,78.92,80.05,78.62,79.98
2022-06-01,79.98,81.01,79.42,80.68
2022-06-02,80.08,80.58,79.38,79.65
2022-06-06,79.95,80.75,78.42,80.35
2022-06-07,79.98,80.05,78.62,78.82
2022-06-08,79.25,79.38,78.48,79.15
2022-06-09,78.88,80.05,78.68,78.95
2022-06-10,78.85,80.11,78.78,79.98
2022-06-13,79.05,79.62,77.22,77.52
2022-06-14,77.15,79.98,77.15,79.92
2022-06-15,79.85,80.18,78.72,78.82
2022-06-16,79.05,79.15,77.35,77.35
2022-06-17,77.72,78.78,77.55,78.58
2022-06-20,78.25,78.32,76.85,77.02
2022-06-21,77.02,77.42,76.59,77.08
2022-06-22,77.22,77.55,76.82,77.25
2022-06-23,77.25,77.35,76.69,76.92
2022-06-24,76.95,77.88,76.69,77.82
2022-06-27,77.75,78.22,77.28,77.62
2022-06-28,77.58,77.58,76.82,76.95
2022-06-29,76.92,77.22,76.35,77.08
2022-06-30,76.98,77.22,76.42,76.98
2022-07-01,79.92,81.65,79.48,80.98
2022-07-04,81.08,81.81,80.08,81.08
2022-07-05,81.01,81.61,80.08,80.71
2022-07-06,80.85,80.91,79.85,80.11
2022-07-07,80.45,81.41,80.25,80.25
2022-07-08,80.25,80.91,79.55,80.58
2022-07-11,81.51,83.21,81.51,82.21
2022-07-12,82.21,83.51,82.15,82.91
2022-07-13,83.24,83.84,82.58,83.14
2022-07-14,83.24,83.31,82.11,82.78
2022-07-15,82.28,82.68,80.91,80.91
2022-07-18,81.15,83.68,81.15,83.08
2022-07-19,83.68,83.74,82.51,83.41
2022-07-20,83.91,84.14,82.78,83.05
2022-07-21,84.23,84.23,82.44,82.65
2022-07-22,82.68,83.65,82.17,83.06
2022-07-25,83.2,83.44,82.48,82.96
2022-07-26,82.89,83.48,82.65,82.96
2022-07-27,82.96,83.17,82.27,82.34
2022-07-28,82.44,83.3,81.93,82.27
2022-07-29,82.58,83.41,82.03,82.2
2022-08-01,82.2,82.62,81.31,81.86
2022-08-02,81.41,82.0,80.89,81.31
2022-08-03,81.48,82.0,80.58,80.69
2022-08-04,81.07,82.27,80.58,82.1
2022-08-05,82.34,82.96,81.93,82.89
2022-08-08,82.86,83.65,82.65,83.1
2022-08-09,83.1,83.58,82.62,82.72
2022-08-10,82.96,83.06,81.93,82.24
2022-08-11,82.31,82.96,81.82,82.62
2022-08-12,82.62,83.44,82.41,83.41
2022-08-15,83.03,83.65,82.44,82.65
2022-08-16,82.72,83.48,82.06,82.27
2022-08-17,82.17,82.17,80.48,81.1
2022-08-18,80.83,81.38,80.48,80.55
2022-08-19,80.0,81.31,79.62,81.2
2022-08-22,80.76,81.89,80.65,80.83
2022-08-23,80.72,80.83,79.9,79.97
2022-08-24,79.97,80.62,79.69,79.72
2022-08-25,79.9,81.41,79.9,81.2
2022-08-26,81.17,81.17,80.1,80.52
2022-08-29,80.03,80.72,79.69,80.21
2022-08-30,80.21,80.45,79.59,80.14
2022-08-31,80.31,82.55,80.14,82.55
2022-09-01,81.69,82.89,81.31,82.31
2022-09-02,82.27,83.2,81.69,82.0
2022-09-05,81.62,82.27,80.93,82.0
2022-09-06,82.1,82.55,81.69,81.76
2022-09-07,81.24,81.38,80.62,81.14
2022-09-08,81.31,82.1,81.0,81.41
2022-09-09,81.76,82.82,81.45,82.31
2022-09-13,82.1,82.31,81.45,81.89
2022-09-14,81.58,82.37,81.38,81.58
2022-09-15,81.65,82.55,81.27,81.65
2022-09-16,81.69,82.06,80.76,80.76
2022-09-19,81.0,81.34,80.58,80.83
2022-09-20,80.83,81.03,80.55,80.62
2022-09-21,80.62,81.17,80.27,80.65
2022-09-22,80.45,80.89,80.07,80.62
2022-09-23,80.17,80.93,80.17,80.31
2022-09-26,80.14,80.62,79.35,79.35
2022-09-27,79.24,79.38,77.56,78.14
2022-09-28,78.07,78.11,77.04,77.31
2022-09-29,77.21,78.07,76.39,77.11
2022-09-30,77.11,78.66,76.69,78.28
2022-10-10,79.14,80.69,78.83,80.41
2022-10-11,80.27,80.79,79.93,80.62
2022-10-12,80.55,80.86,79.17,79.9
2022-10-13,78.9,80.0,77.66,79.31
2022-10-14,79.28,79.86,78.66,79.04
2022-10-17,79.31,79.31,78.35,78.35
2022-10-18,78.35,78.86,77.49,77.62
2022-10-19,77.52,77.97,76.9,77.0
2022-10-20,76.87,77.42,76.56,76.9
2022-10-21,76.73,77.8,76.45,77.14
2022-10-24,77.07,77.76,74.73,75.15
2022-10-25,75.73,76.76,75.42,75.77
2022-10-27,75.8,76.39,71.88,72.25
2022-10-28,72.25,73.15,70.88,71.19
2022-10-31,69.84,71.26,68.88,69.74
2022-11-01,69.71,70.26,68.71,69.95
2022-11-02,69.88,70.64,69.02,70.43
2022-11-03,70.05,70.12,68.47,68.78
2022-11-04,68.36,69.78,67.99,69.33
2022-11-07,69.02,69.64,68.74,69.33
2022-11-08,69.43,70.02,68.67,69.02
2022-11-09,69.09,69.53,69.02,69.26
2022-11-10,69.29,69.36,68.47,68.85
2022-11-11,69.71,70.74,68.95,70.4
2022-11-14,70.71,70.91,69.19,69.43
2022-11-15,69.43,73.01,69.05,72.32
2022-11-16,71.94,72.87,71.63,72.46
2022-11-17,72.22,73.25,71.94,73.18
2022-11-18,73.25,73.6,72.15,72.46
2022-11-21,72.22,72.81,71.29,72.6
2022-11-22,72.6,73.67,72.05,73.49
2022-11-23,73.32,74.66,73.25,73.53
2022-11-24,74.01,74.63,73.53,73.6
2022-11-25,73.46,75.18,73.36,75.08
2022-11-28,74.18,74.7,73.05,74.01
2022-11-29,74.35,74.35,73.15,73.56
2022-11-30,73.32,73.84,73.05,73.05
2022-12-01,73.39,73.77,72.94,73.01
2022-12-02,72.84,73.73,72.84,73.56
2022-12-05,73.73,74.53,73.39,74.18
2022-12-06,73.84,74.01,73.15,73.22
2022-12-07,73.39,73.49,71.67,72.01
2022-12-08,71.84,72.46,71.26,71.94
2022-12-09,71.91,72.29,71.63,72.01
2022-12-12,71.81,72.29,70.88,71.19
2022-12-13,71.19,71.43,70.36,71.05
2022-12-14,71.02,71.36,70.43,71.08
2022-12-15,70.77,71.29,70.4,70.64
2022-12-16,70.6,71.81,70.46,71.81
2022-12-19,71.46,71.94,70.05,70.4
2022-12-20,70.4,70.91,69.91,70.15
2022-12-21,70.29,70.71,69.88,70.43
2022-12-22,70.81,71.19,69.74,70.09
2022-12-23,69.91,70.43,69.64,70.26
2022-12-26,70.29,70.57,69.98,70.12
2022-12-27,70.46,70.91,70.22,70.71
2022-12-28,70.5,71.32,70.43,71.15
2022-12-29,71.94,72.53,70.67,71.6
2022-12-30,71.53,72.46,71.29,72.29
2023-01-03,72.12,72.53,71.6,71.98
2023-01-04,72.22,72.22,71.46,71.7
2023-01-05,71.94,72.19,71.29,71.5
2023-01-06,71.46,71.98,70.81,71.91
2023-01-09,72.08,72.12,71.26,71.53
2023-01-10,71.32,71.77,70.91,71.02
2023-01-11,71.53,72.7,71.5,71.67
2023-01-12,71.77,71.94,71.12,71.19
2023-01-13,71.26,72.25,71.08,72.05
2023-01-16,72.01,72.63,71.77,72.19
2023-01-17,72.01,72.46,71.15,71.19
2023-01-18,71.36,71.67,71.12,71.26
2023-01-19,71.26,71.26,70.19,70.29
2023-01-20,70.67,72.39,70.4,72.39
2023-01-30,72.7,72.84,71.94,71.98
2023-01-31,70.77,71.94,70.77,71.57
2023-02-01,71.77,71.88,70.95,71.57
2023-02-02,71.6,72.36,71.08,72.12
2023-02-03,71.81,72.19,71.53,72.01
2023-02-06,71.67,72.32,71.39,72.22
2023-02-07,72.32,73.6,72.25,73.32
2023-02-08,73.32,73.91,73.22,73.56
2023-02-09,73.56,73.98,73.18,73.29
2023-02-10,73.32,73.42,72.6,73.01
2023-02-13,72.77,73.05,72.43,72.67
2023-02-14,72.7,72.98,72.46,72.84
2023-02-15,72.81,73.01,72.15,72.46
2023-02-16,72.36,72.81,71.67,72.12
2023-02-17,72.08,72.5,71.36,71.46
2023-02-20,71.36,73.11,71.36,72.91
2023-02-21,72.91,73.39,72.7,73.22
2023-02-22,73.22,73.42,72.77,72.77
2023-02-23,72.84,73.05,72.46,72.6
2023-02-24,72.43,72.74,72.29,72.36
2023-02-27,72.19,72.74,71.94,72.12
2023-02-28,72.29,72.98,72.08,72.84
2023-03-01,72.81,73.84,72.7,73.15
2023-03-02,72.84,73.22,72.46,73.11
2023-03-03,73.15,73.7,72.98,73.42
2023-03-06,73.6,73.91,72.98,73.18
2023-03-07,73.22,73.6,72.63,72.74
2023-03-08,72.5,72.7,71.77,72.15
2023-03-09,72.22,72.22,71.57,71.6
2023-03-10,71.29,71.77,71.29,71.43
2023-03-13,71.43,72.25,71.29,72.08
2023-03-14,72.01,72.81,71.88,72.53
2023-03-15,72.63,72.84,71.91,72.32
2023-03-16,72.15,73.32,71.98,73.01
2023-03-17,73.32,74.01,72.98,72.98
2023-03-20,72.91,73.53,72.01,72.12
2023-03-21,72.19,72.63,72.01,72.08
2023-03-22,72.81,73.05,72.01,72.19
2023-03-23,72.12,72.22,71.63,72.01
2023-03-24,72.01,72.25,71.36,71.53
2023-03-27,71.57,71.67,69.81,69.95
2023-03-28,70.15,70.15,68.92,69.47
2023-03-29,69.81,71.57,69.6,71.32
2023-03-30,71.08,73.18,71.08,73.05
2023-03-31,73.05,73.46,72.77,73.15
2023-04-03,72.98,73.15,72.56,72.63
2023-04-04,72.6,73.32,72.5,73.22
2023-04-06,73.11,73.25,72.67,72.98
2023-04-07,73.01,73.18,72.32,72.56
2023-04-10,72.91,73.29,72.6,73.11
2023-04-11,73.29,73.39,72.63,73.25
2023-04-12,73.32,73.98,73.05,73.67
2023-04-13,73.56,73.84,72.63,72.81
2023-04-14,73.01,73.56,72.91,73.01
2023-04-17,72.98,73.32,72.74,73.32
2023-04-18,73.32,73.53,72.87,73.18
2023-04-19,73.25,73.46,72.46,72.56
2023-04-20,72.6,72.87,72.22,72.74
2023-04-21,72.77,73.77,72.43,72.5
2023-04-24,72.81,73.11,72.25,72.39
2023-04-25,72.32,73.05,72.22,72.87
2023-04-26,72.91,73.6,72.77,72.91
2023-04-27,73.29,75.46,73.05,75.35
2023-04-28,75.11,75.59,74.42,75.32
2023-05-04,75.32,77.66,74.77,77.66
2023-05-05,77.18,77.18,75.94,76.08
2023-05-08,76.08,77.14,75.77,76.9
2023-05-09,76.66,79.48,76.49,78.31
2023-05-10,78.31,79.9,77.07,77.07
2023-05-11,77.56,79.28,77.18,78.48
2023-05-12,78.62,79.69,78.14,78.86
2023-05-15,78.48,79.21,78.18,79.17
2023-05-16,79.17,79.62,78.18,79.04
2023-05-17,79.1,79.62,78.52,78.76
2023-05-18,78.9,80.1,78.86,79.45
2023-05-19,79.21,79.45,78.52,78.55
2023-05-22,78.97,80.27,78.69,79.97
2023-05-23,80.0,80.31,79.31,79.31
2023-05-24,79.31,79.45,77.9,77.9
2023-05-25,77.87,78.48,77.52,78.14
2023-05-26,78.21,78.59,77.59,77.66
2023-05-29,77.87,78.93,77.83,78.79
2023-05-30,78.76,78.97,77.38,78.31
2023-05-31,77.83,77.93,76.21,77.49
2023-06-01,77.25,77.8,76.83,77.04
2023-06-02,77.38,77.42,76.63,76.87
2023-06-05,77.07,77.8,76.94,77.28
2023-06-06,77.28,77.69,76.66,76.83
2023-06-07,77.11,77.45,76.73,76.9
2023-06-08,77.07,78.07,76.94,78.0
2023-06-09,77.97,78.9,77.9,78.69
2023-06-12,78.62,78.76,77.0,77.04
2023-06-13,77.07,77.38,76.45,76.76
2023-06-14,77.04,77.52,76.59,76.59
2023-06-15,76.83,77.04,75.87,76.69
2023-06-16,76.76,77.42,75.97,76.42
2023-06-19,76.14,76.45,75.35,76.35
2023-06-20,76.14,76.66,76.01,76.04
2023-06-21,76.42,77.11,76.04,76.08
2023-06-26,76.08,76.63,75.39,76.56
2023-06-27,76.56,76.66,75.42,76.14
2023-06-28,76.21,77.45,76.08,77.38
2023-06-29,77.38,77.42,76.04,76.18
2023-06-30,76.18,76.52,75.8,75.94
2023-07-03,76.04,76.52,76.01,76.14
2023-07-04,76.14,76.49,75.7,75.9
2023-07-05,76.01,76.52,75.8,75.97
2023-07-06,75.97,76.28,75.52,75.73
2023-07-07,75.59,76.01,75.52,75.73
2023-07-10,75.9,76.14,75.56,75.73
2023-07-11,75.9,75.9,75.25,75.73
2023-07-12,75.56,76.35,75.35,76.21
2023-07-13,76.21,77.62,76.01,77.18
2023-07-14,77.04,77.62,76.8,77.35
2023-07-17,77.38,77.59,76.83,77.25
2023-07-18,77.35,77.56,77.04,77.14
2023-07-19,76.83,77.52,76.83,77.45
2023-07-20,77.73,77.83,77.11,77.11
2023-07-21,77.18,78.08,77.04,77.18
2023-07-24,76.83,77.47,76.72,77.04
2023-07-25,77.33,77.33,75.93,76.22
2023-07-26,76.22,76.47,75.83,76.43
2023-07-27,76.36,76.79,75.75,75.86
2023-07-28,75.83,76.43,75.54,76.25
2023-07-31,76.22,77.36,76.22,76.68
2023-08-01,76.83,77.61,76.65,77.61
2023-08-02,77.54,77.61,76.9,77.15
2023-08-03,77.33,77.54,76.97,77.4
2023-08-04,77.4,77.97,76.75,76.97
2023-08-07,77.0,78.43,76.9,78.33
2023-08-08,78.04,79.01,78.04,78.97
2023-08-09,78.93,79.18,77.93,79.01
2023-08-10,79.01,79.18,78.51,78.93
2023-08-11,78.9,79.01,77.72,77.72
2023-08-14,77.54,78.43,77.0,77.93
2023-08-15,77.9,78.9,77.76,78.68
2023-08-16,78.72,78.86,77.93,78.15
2023-08-17,77.97,79.11,77.79,79.04
2023-08-18,78.83,79.58,78.79,78.83
2023-08-21,78.83,79.15,78.08,78.08
2023-08-22,78.4,78.97,77.86,78.61
2023-08-23,78.72,79.29,78.29,78.43
2023-08-24,78.33,78.58,77.72,77.79
2023-08-25,77.72,79.33,77.61,79.18
2023-08-28,80.4,80.58,78.58,79.04
2023-08-29,79.04,79.61,78.22,78.33
2023-08-30,78.61,79.11,78.29,78.51
2023-08-31,78.43,79.18,78.26,78.83
2023-09-01,78.65,78.83,77.72,77.93
2023-09-04,78.26,78.29,77.11,77.43
2023-09-05,77.43,78.33,77.25,78.22
2023-09-06,77.97,78.43,77.9,77.93
2023-09-07,78.08,78.36,77.47,78.08
2023-09-08,77.97,78.22,77.58,78.04
2023-09-11,78.01,78.83,78.01,78.58
2023-09-12,78.47,78.9,78.22,78.86
2023-09-13,78.97,79.79,78.65,79.51
2023-09-14,79.93,81.47,79.54,81.08
2023-09-15,81.08,81.44,80.04,80.47
2023-09-18,80.26,80.61,79.76,80.08
2023-09-19,79.97,80.65,79.68,80.51
2023-09-20,80.47,80.83,80.08,80.61
2023-09-21,80.65,80.9,79.93,79.97
2023-09-22,80.19,80.58,79.76,80.33
2023-09-25,80.72,80.97,79.97,80.36
2023-09-26,80.54,80.54,79.79,80.08
2023-09-27,80.26,80.29,79.26,79.36
2023-09-28,79.54,79.97,79.43,79.47
2023-10-09,79.51,81.19,79.51,80.61
2023-10-10,81.11,81.11,80.19,80.79
2023-10-11,81.01,81.79,80.76,80.86
2023-10-12,81.79,81.79,80.54,80.83
2023-10-13,80.58,81.4,80.58,81.26
2023-10-16,81.4,82.19,81.08,81.4
2023-10-17,81.51,82.15,81.22,82.04
2023-10-18,82.36,82.83,81.69,82.01
2023-10-19,81.69,82.15,80.51,80.58
2023-10-20,80.58,81.04,79.86,79.86
2023-10-23,79.86,80.86,79.33,79.65
2023-10-24,79.9,81.01,79.26,80.76
2023-10-25,80.76,80.83,78.26,78.29
2023-10-26,78.08,79.86,77.97,79.79
2023-10-27,79.76,80.29,79.36,79.47
2023-10-30,79.54,80.69,79.47,80.22
2023-10-31,79.97,80.94,79.58,80.65
2023-11-01,80.69,81.26,80.04,80.97
2023-11-02,81.36,81.65,80.86,81.33
2023-11-03,81.33,82.08,81.01,81.15
2023-11-06,81.26,81.36,79.26,79.47
2023-11-07,79.47,79.83,79.22,79.58
2023-11-08,79.65,80.22,79.65,79.93
2023-11-09,79.93,80.94,79.76,80.65
2023-11-10,80.65,80.97,79.9,80.65
2023-11-13,80.44,80.58,79.83,80.51
2023-11-14,80.51,80.83,79.9,79.93
2023-11-15,79.93,80.83,79.93,80.76
2023-11-16,80.61,81.22,80.47,81.15
2023-11-17,80.94,81.36,80.36,80.83
2023-11-20,80.97,81.26,80.72,80.94
2023-11-21,80.83,81.44,80.79,81.11
2023-11-22,81.11,81.4,80.76,81.11
2023-11-23,81.01,81.22,80.29,80.83
2023-11-24,80.69,81.65,80.61,81.04
2023-11-27,81.04,81.19,80.36,80.79
2023-11-28,80.79,80.83,80.22,80.4
2023-11-29,80.54,80.54,80.04,80.26
2023-11-30,80.51,81.58,80.29,81.58
2023-12-01,81.76,81.79,80.83,81.22
2023-12-04,81.22,81.33,80.83,81.11
2023-12-05,81.08,81.54,80.51,80.69
2023-12-06,80.58,80.69,80.01,80.4
2023-12-07,80.26,80.94,80.15,80.76
2023-12-08,80.58,80.94,80.22,80.83
2023-12-11,80.47,81.69,79.86,81.54
2023-12-12,81.22,82.22,81.19,82.11
2023-12-13,82.08,82.36,81.86,82.15
2023-12-14,82.15,82.47,81.51,82.22
2023-12-15,82.19,82.72,81.36,81.4
2023-12-18,81.4,82.44,81.4,82.44
2023-12-19,82.44,82.65,82.08,82.36
2023-12-20,82.4,83.9,82.33,83.26
2023-12-21,83.19,83.47,82.51,82.72
2023-12-22,82.76,83.26,82.58,82.83
2023-12-25,82.83,83.69,82.58,83.62
2023-12-26,83.62,84.69,83.54,84.08
2023-12-27,83.94,84.29,83.4,84.08
2023-12-28,84.15,85.01,82.83,83.19
2023-12-29,83.26,83.47,82.58,83.4
2024-01-02,83.4,84.94,83.33,84.62
2024-01-03,84.58,85.04,84.33,84.9
2024-01-04,85.04,85.69,84.37,85.04
2024-01-05,84.97,85.58,84.54,84.83
2024-01-08,84.83,85.12,84.08,84.33
2024-01-09,84.33,84.62,83.26,84.12
2024-01-10,84.01,84.47,82.94,83.4
2024-01-11,83.54,83.58,82.58,82.83
2024-01-12,82.51,84.29,82.51,84.08
2024-01-15,83.9,84.51,83.62,83.97
2024-01-16,83.69,84.22,83.26,84.15
2024-01-17,84.15,84.33,83.33,83.33
2024-01-18,83.26,83.69,81.76,83.33
2024-01-19,83.26,84.04,82.61,83.97
2024-01-22,82.76,83.9,82.44,83.01
2024-01-23,82.76,83.44,81.94,83.08
2024-01-24,83.29,85.29,83.19,85.22
2024-01-25,85.26,86.12,84.72,85.54
2024-01-26,85.22,86.44,85.08,86.22
2024-01-29,86.08,87.55,85.97,86.72
2024-01-30,86.69,87.05,85.8,86.12
2024-01-31,86.05,87.4,85.87,87.19
2024-02-01,86.83,87.33,86.3,86.3
2024-02-02,86.55,87.62,86.3,86.76
2024-02-05,87.01,88.9,86.8,88.48
2024-02-06,88.26,90.26,87.83,88.33
2024-02-07,88.58,88.62,86.62,88.26
2024-02-08,87.94,88.4,87.19,88.05
2024-02-19,87.83,90.37,87.55,90.05
2024-02-20,89.98,91.91,89.73,91.26
2024-02-21,91.19,91.83,90.73,90.73
2024-02-22,91.12,91.76,90.62,91.3
2024-02-23,91.12,91.98,90.48,91.8
2024-02-26,91.08,91.26,89.08,89.15
2024-02-27,89.01,89.48,88.69,89.08
2024-02-28,88.69,90.9,87.87,90.4
2024-02-29,90.05,90.48,89.33,89.51
2024-03-01,89.51,89.87,88.98,89.33
2024-03-04,89.23,91.01,88.87,90.94
2024-03-05,90.58,92.91,90.51,92.69
2024-03-06,92.55,93.98,92.23,92.41
2024-03-07,92.37,93.33,92.19,92.55
2024-03-08,92.62,93.23,92.05,92.3
2024-03-11,92.08,92.87,91.37,92.05
2024-03-12,91.83,92.01,88.48,88.73
2024-03-13,88.73,89.08,87.58,88.94
2024-03-14,88.48,88.9,87.87,88.22
2024-03-15,88.22,89.08,88.12,88.3
2024-03-18,88.22,88.87,87.94,88.15
2024-03-19,88.15,89.26,87.9,88.33
2024-03-20,88.33,90.12,88.12,89.33
2024-03-21,89.51,89.69,89.05,89.12
2024-03-22,89.08,89.65,88.51,89.37
2024-03-25,89.65,89.69,89.12,89.26
2024-03-26,89.33,89.4,88.26,88.76
2024-03-27,88.58,89.4,88.51,88.73
2024-03-28,88.83,89.4,88.08,88.8
2024-03-29,88.73,89.26,88.69,89.08
2024-04-01,89.15,89.3,88.15,88.37
2024-04-02,88.33,88.76,87.72,88.05
2024-04-03,87.9,87.97,86.69,87.33
2024-04-08,87.22,90.8,87.15,90.62
2024-04-09,90.05,90.65,89.3,89.87
2024-04-10,89.87,91.94,89.83,91.58
2024-04-11,91.41,91.69,90.3,91.51
2024-04-12,91.3,91.62,90.58,90.83
2024-04-15,90.87,92.66,90.83,92.51
2024-04-16,92.23,93.48,91.76,92.66
2024-04-17,92.37,93.26,91.23,92.83
2024-04-18,92.62,93.58,92.19,92.73
2024-04-19,92.55,93.23,91.94,92.91
2024-04-22,92.66,93.58,92.23,92.41
2024-04-23,92.33,93.08,91.48,92.08
2024-04-24,92.55,92.69,91.73,92.08
2024-04-25,92.01,92.37,91.33,91.76
2024-04-26,91.51,92.41,91.3,91.37
2024-04-29,91.37,91.69,90.4,91.05
2024-04-30,90.76,92.98,90.62,92.16
2024-05-06,92.16,92.16,90.87,91.01
2024-05-07,91.01,91.16,90.48,90.58
2024-05-08,90.58,91.3,90.44,90.44
2024-05-09,90.58,90.76,89.9,90.62
2024-05-10,90.62,91.19,90.26,91.05
2024-05-13,91.12,91.83,90.62,91.55
2024-05-14,91.55,91.55,90.69,91.41
2024-05-15,91.3,91.8,90.94,91.05
2024-05-16,91.08,91.26,90.76,90.83
2024-05-17,90.94,92.37,90.9,92.12
2024-05-20,91.98,93.48,91.69,92.87
2024-05-21,93.08,93.8,92.83,93.26
2024-05-22,93.48,93.66,92.66,92.83
2024-05-23,93.08,94.12,92.76,93.44
2024-05-24,93.66,94.87,93.37,93.98
2024-05-27,94.01,95.41,94.01,94.73
2024-05-28,94.76,95.87,94.62,95.44
2024-05-29,95.41,95.66,94.37,95.37
2024-05-30,95.26,96.3,95.05,95.41
2024-05-31,95.62,96.55,94.98,95.09
2024-06-03,96.09,98.27,95.59,98.02
2024-06-04,98.02,98.98,97.55,98.19
2024-06-05,98.41,100.34,98.23,99.91
2024-06-06,99.7,101.41,99.19,100.16
2024-06-07,100.05,101.37,99.7,101.16
2024-06-11,101.2,101.8,99.77,100.7
2024-06-12,100.34,101.84,100.05,101.41
2024-06-13,101.45,102.91,101.2,102.55
2024-06-14,102.38,102.8,99.09,99.7
2024-06-17,99.16,100.27,98.59,99.66
2024-06-18,99.66,99.84,98.59,99.34
2024-06-19,99.27,100.3,99.05,100.2
2024-06-20,100.3,101.48,100.09,101.27
2024-06-21,101.27,101.91,100.16,101.23
2024-06-24,101.48,103.63,101.3,103.23
2024-06-25,103.16,103.34,101.12,102.38
2024-06-26,102.52,103.16,101.41,102.38
2024-06-27,102.2,103.45,102.13,102.98
2024-06-28,102.98,103.73,102.13,103.34
2024-07-01,103.34,105.95,103.34,105.34
2024-07-02,105.31,105.63,104.48,105.34
2024-07-03,105.09,105.48,103.63,104.7
2024-07-04,104.41,105.59,104.34,105.02
2024-07-05,105.66,105.66,103.09,104.77
2024-07-08,104.41,107.38,104.34,106.91
2024-07-09,106.88,108.38,106.52,108.31
2024-07-10,108.2,108.7,106.73,107.56
2024-07-11,107.66,107.91,106.13,107.88
2024-07-12,107.77,108.27,106.48,106.77
2024-07-15,106.45,108.99,105.98,108.74
2024-07-16,108.99,110.31,108.09,110.06
2024-07-17,109.88,110.59,109.2,110.06
2024-07-18,109.88,112.34,109.77,112.06
2024-07-19,111.91,112.72,111.1,112.21
2024-07-22,112.21,112.28,108.98,111.47
2024-07-23,111.55,113.01,111.1,112.54
2024-07-24,112.54,114.44,112.06,113.89
2024-07-25,114.0,114.77,111.44,113.12
2024-07-26,112.68,112.68,109.09,110.63
2024-07-29,109.93,111.55,108.28,110.81
2024-07-30,110.7,111.77,109.64,110.48
2024-07-31,110.26,110.33,108.17,109.56
2024-08-01,108.79,111.33,108.61,110.52
2024-08-02,110.08,111.25,109.34,110.96
2024-08-05,110.41,110.81,109.53,109.71
2024-08-06,109.71,110.41,107.51,108.1
2024-08-07,107.77,110.26,107.77,109.16
2024-08-08,109.16,110.11,108.68,109.27
2024-08-09,109.01,109.31,107.77,108.39
2024-08-12,108.46,109.01,106.85,107.07
2024-08-13,107.44,107.8,106.63,107.36
2024-08-14,107.47,109.53,106.52,108.43
2024-08-15,108.39,109.97,107.88,109.34
2024-08-16,109.42,109.64,108.35,108.68
2024-08-19,108.57,109.56,108.5,109.09
2024-08-20,109.2,109.49,107.99,108.79
2024-08-21,108.83,109.31,107.25,109.16
2024-08-22,108.98,111.18,108.94,110.96
2024-08-23,111.07,111.25,109.34,109.75
2024-08-26,109.75,110.26,108.17,109.42
2024-08-27,109.2,109.71,108.54,109.34
2024-08-28,109.31,110.44,108.98,109.42
2024-08-29,109.49,109.6,107.36,107.73
2024-08-30,107.33,108.54,105.34,107.8
2024-09-02,106.52,109.38,106.48,109.01
2024-09-03,108.79,109.31,106.59,106.81
2024-09-04,106.81,107.66,106.08,106.96
2024-09-05,107.0,107.44,106.11,106.85
2024-09-06,106.78,108.17,106.67,106.78
2024-09-09,107.25,107.99,106.63,107.69
2024-09-10,107.55,108.21,106.22,106.96
2024-09-11,106.96,106.96,101.45,102.01
2024-09-12,101.64,102.96,101.38,102.23
2024-09-13,102.23,104.57,102.08,103.84
2024-09-18,103.66,105.45,103.55,103.91
2024-09-19,104.1,104.32,102.15,103.95
2024-09-20,103.4,103.91,102.15,103.29
2024-09-23,103.29,104.32,102.67,103.47
2024-09-24,104.32,105.97,103.0,105.53
2024-09-25,106.11,108.76,105.78,106.15
2024-09-26,106.56,106.89,105.34,106.89
2024-09-27,107.25,107.25,102.96,106.37
2024-09-30,105.78,111.91,104.98,110.26
2024-10-08,117.45,118.44,105.97,107.22
2024-10-09,106.33,107.84,103.55,104.76
2024-10-10,104.94,109.45,104.9,107.07
2024-10-11,107.14,109.16,106.41,107.18
2024-10-14,107.22,108.43,106.78,107.69
2024-10-15,107.51,107.84,105.97,105.97
2024-10-16,105.67,107.58,104.98,105.34
2024-10-17,105.42,105.64,103.84,103.84
2024-10-18,103.91,105.2,102.85,104.32
2024-10-21,104.06,104.06,102.19,102.59
2024-10-22,102.59,104.06,102.12,103.03
2024-10-23,103.03,103.95,102.74,102.96
2024-10-24,102.96,103.22,101.82,102.74
2024-10-25,102.74,103.03,100.57,101.05
2024-10-28,101.05,101.05,99.66,101.05
2024-10-29,101.05,102.85,100.35,101.67
2024-10-30,101.71,102.34,100.72,101.67
2024-10-31,102.67,102.78,100.61,101.2
2024-11-01,100.94,102.74,100.5,102.67
2024-11-04,102.67,102.7,101.31,102.37
2024-11-05,102.04,102.52,101.71,102.23
2024-11-06,102.12,102.37,100.76,100.9
2024-11-07,100.54,102.19,100.5,102.12
2024-11-08,102.15,102.59,101.01,101.34
2024-11-11,100.76,101.38,100.39,100.83
2024-11-12,100.83,101.38,98.89,98.96
2024-11-13,98.63,100.87,98.26,100.5
2024-11-14,100.35,101.6,99.91,100.61
2024-11-15,100.43,100.87,99.44,99.44
2024-11-18,99.66,101.05,99.4,100.61
2024-11-19,100.54,100.9,99.69,100.43
2024-11-20,100.43,101.82,99.84,101.34
2024-11-21,101.12,101.64,101.05,101.53
2024-11-22,101.53,101.93,100.02,100.02
2024-11-25,100.5,101.23,99.18,99.55
2024-11-26,99.44,99.77,98.74,99.07
2024-11-27,99.0,100.72,99.0,100.5
2024-11-28,100.43,100.83,99.69,100.65
2024-11-29,100.68,101.64,100.17,100.24
2024-12-02,100.5,101.67,100.17,101.31
2024-12-03,101.34,103.11,101.05,102.56
2024-12-04,102.56,104.68,102.04,104.39
2024-12-05,104.21,105.23,103.47,103.84
2024-12-06,103.91,104.72,103.29,103.4
2024-12-09,103.22,104.61,102.48,104.24
2024-12-10,104.21,104.87,102.59,102.81
2024-12-11,103.11,103.55,102.63,103.36
2024-12-12,103.29,104.5,103.22,104.21
2024-12-13,104.35,105.97,103.99,105.38
2024-12-16,105.6,107.84,105.6,107.44
2024-12-17,107.62,108.43,107.11,107.4
2024-12-18,107.8,109.42,106.89,107.95
2024-12-19,107.36,108.83,107.18,107.36
2024-12-20,107.18,107.99,106.7,107.14
2024-12-23,107.11,109.38,106.81,108.5
2024-12-24,108.13,109.53,107.73,109.38
2024-12-25,109.42,109.82,108.87,109.31
2024-12-26,109.31,109.45,107.47,107.58
2024-12-27,107.51,108.72,107.03,108.65
2024-12-30,108.65,109.45,107.66,107.91
2024-12-31,107.88,109.23,107.73,108.43
2025-01-02,108.28,109.09,106.7,107.14
2025-01-03,107.18,107.99,105.86,106.41
2025-01-06,106.78,106.78,104.61,106.0
2025-01-07,105.97,106.0,104.72,105.31
2025-01-08,105.2,107.0,105.05,106.41
2025-01-09,106.19,106.63,105.09,105.64
2025-01-10,105.64,106.59,104.61,105.93
2025-01-13,105.67,106.08,104.32,105.71
2025-01-14,105.67,106.33,105.38,105.82
2025-01-15,105.42,106.85,104.98,105.67
2025-01-16,105.42,106.33,105.38,105.82
2025-01-17,105.93,106.52,105.53,106.44
2025-01-20,106.59,106.63,105.78,106.3
2025-01-21,106.26,107.55,105.75,107.0
2025-01-22,107.0,107.51,104.94,105.27
2025-01-23,105.38,105.71,103.77,104.57
2025-01-24,104.91,105.9,104.24,104.24
2025-01-27,104.5,107.57,104.31,106.83
2025-02-05,106.68,106.79,104.5,104.8
2025-02-06,104.83,105.09,103.98,104.5
2025-02-07,104.24,104.39,103.13,103.98
2025-02-10,103.69,104.09,103.13,103.17
2025-02-11,103.43,103.43,102.39,103.13
2025-02-12,102.95,103.61,102.65,103.46
2025-02-13,103.21,104.35,102.87,104.13
2025-02-14,104.13,105.35,103.69,104.28
2025-02-17,103.72,104.13,102.1,104.13
2025-02-18,103.69,105.57,103.69,104.83
2025-02-19,104.46,105.02,103.61,103.76
2025-02-20,103.5,103.95,102.98,103.65
2025-02-21,103.65,103.65,102.43,102.76
2025-02-24,102.76,103.21,101.69,101.84
2025-02-25,101.95,102.21,100.54,101.03
2025-02-26,100.91,102.39,100.8,102.13
2025-02-27,102.17,102.47,100.95,101.73
2025-02-28,101.58,102.54,101.1,101.21
2025-03-03,101.21,101.39,100.03,100.14
2025-03-04,100.14,100.54,99.73,100.36
2025-03-05,100.32,102.02,99.84,101.58
2025-03-06,101.32,101.58,100.36,100.62
2025-03-07,100.58,101.17,100.29,100.77
2025-03-10,100.8,100.84,99.92,100.17
2025-03-11,99.95,100.88,99.92,100.51
2025-03-12,100.4,100.51,99.84,100.25
2025-03-13,100.17,101.1,100.14,100.73
2025-03-14,100.88,101.84,100.66,101.47
2025-03-17,101.69,102.36,101.1,101.17
2025-03-18,101.17,101.36,100.43,100.54
2025-03-19,100.69,102.39,100.4,102.13
2025-03-20,102.39,102.61,101.8,102.17
2025-03-21,102.28,102.61,101.17,101.28
2025-03-24,101.36,102.76,101.17,102.39
2025-03-25,102.43,103.5,101.88,103.24
2025-03-26,103.24,103.46,102.06,102.87
2025-03-27,102.58,102.98,102.1,102.65
2025-03-28,102.61,103.13,102.17,102.95
2025-03-31,103.21,103.91,102.58,102.8
2025-04-01,102.95,103.28,102.24,103.13
2025-04-02,103.13,103.35,102.43,102.87
2025-04-03,102.43,105.13,102.43,104.98
2025-04-07,103.65,106.68,102.65,104.72
2025-04-08,104.46,107.86,103.5,107.38
2025-04-09,107.38,109.42,106.31,109.31
2025-04-10,108.9,109.01,106.64,107.83
2025-04-11,108.23,108.23,107.2,107.94
2025-04-14,107.24,108.12,106.53,107.75
2025-04-15,107.49,108.49,107.16,108.2
2025-04-16,108.12,108.71,107.38,108.68
2025-04-17,108.31,108.38,107.2,107.97
2025-04-18,107.57,109.42,107.42,109.34
2025-04-21,109.05,109.79,108.31,108.34
2025-04-22,108.38,110.23,108.05,108.42
2025-04-23,108.23,108.6,107.49,107.94
2025-04-24,107.94,109.23,107.79,108.9
2025-04-25,108.97,109.9,108.31,109.12
2025-04-28,109.12,110.6,108.71,109.86
2025-04-29,109.86,110.04,108.49,108.9
2025-04-30,109.23,109.31,108.38,109.05
2025-05-06,109.6,109.6,107.68,107.86
2025-05-07,108.23,108.6,107.42,108.49
2025-05-08,108.23,108.97,108.01,108.34
2025-05-09,108.31,110.04,108.23,109.23
2025-05-12,108.9,109.75,108.34,109.19
2025-05-13,108.75,109.93,108.53,109.93
2025-05-14,109.9,111.26,109.67,111.19
2025-05-15,111.12,112.23,110.89,112.19
2025-05-16,112.0,112.74,110.75,111.26
2025-05-19,111.26,113.04,111.26,112.63
2025-05-20,112.67,114.37,112.67,113.41
2025-05-21,113.63,114.41,113.48,113.85
2025-05-22,113.85,114.78,112.96,114.7
2025-05-23,114.55,114.81,112.34,112.71
2025-05-26,112.37,112.96,111.34,112.15
2025-05-27,112.0,113.08,111.71,111.86
2025-05-28,111.89,112.93,111.63,112.85
2025-05-29,112.67,112.93,111.3,111.97
2025-05-30,112.08,112.71,111.63,111.63
2025-06-03,111.93,112.19,110.34,111.45
2025-06-04,111.41,111.49,110.34,110.49
2025-06-05,110.49,110.67,109.6,110.16
2025-06-06,110.16,110.97,109.97,110.86
2025-06-09,110.64,111.23,110.34,110.82
2025-06-10,110.82,111.97,110.75,111.01
2025-06-11,110.89,111.93,110.82,111.56
2025-06-12,111.49,112.11,110.97,111.6
2025-06-13,111.6,113.33,111.56,113.19
2025-06-16,112.93,113.19,112.0,112.6
2025-06-17,112.56,113.48,111.12,113.37
2025-06-18,113.11,114.07,113.0,113.52
2025-06-19,113.85,114.0,113.04,113.56
2025-06-20,113.56,113.96,112.3,112.37
2025-06-23,112.3,113.7,111.93,113.3
2025-06-24,113.15,113.89,112.85,113.04
2025-06-25,112.67,114.41,112.37,114.15
2025-06-26,114.15,115.29,114.07,115.0
2025-06-27,115.18,115.18,111.63,111.71
2025-06-30,111.74,112.45,111.26,111.41
2025-07-01,111.63,112.82,111.45,112.26
2025-07-02,112.37,112.67,111.71,111.82
2025-07-03,111.86,111.93,110.34,111.23
2025-07-04,111.12,111.97,110.93,111.49
2025-07-07,111.78,111.93,111.15,111.86
2025-07-08,111.89,111.89,110.56,110.6
2025-07-09,110.71,111.26,110.34,110.82
2025-07-10,110.89,111.19,110.16,110.52
2025-07-11,110.6,113.08,110.41,112.37
2025-07-14,112.45,113.81,112.37,113.15
2025-07-15,113.15,113.41,112.19,112.67
2025-07-16,113.11,113.33,112.11,112.15
2025-07-17,112.08,112.37,111.34,111.49
2025-07-18,111.91,112.14,111.19,111.76
2025-07-21,112.52,113.13,111.46,111.8
2025-07-22,111.61,111.8,110.93,111.23
2025-07-23,111.42,111.57,110.51,110.55
2025-07-24,110.59,110.59,109.11,109.64
2025-07-25,109.34,109.79,108.92,108.92
2025-07-28,108.92,109.26,108.35,108.5
2025-07-29,108.39,108.88,108.35,108.47
2025-07-30,108.5,109.64,108.5,108.73
2025-07-31,107.67,107.67,104.94,105.47
2025-08-01,105.28,106.27,104.87,106.04
2025-08-04,105.7,106.72,105.32,106.61
2025-08-05,106.61,106.76,105.93,106.46
2025-08-06,106.42,106.53,105.59,105.97
2025-08-07,105.85,106.76,105.47,106.31
2025-08-08,106.31,106.38,105.55,105.55
2025-08-11,105.55,105.63,104.22,104.91
2025-08-12,104.91,105.63,104.72,105.17
2025-08-13,105.21,105.51,104.6,104.68
2025-08-14,104.64,105.66,104.56,104.79
2025-08-15,104.98,105.25,104.56,104.68
2025-08-18,104.72,105.02,104.37,104.72
2025-08-19,104.75,105.25,104.6,104.68
2025-08-20,104.56,105.09,104.03,104.91
2025-08-21,104.91,105.89,104.79,105.51
2025-08-22,105.63,105.78,104.94,105.59
2025-08-25,106.23,108.16,106.19,107.41
2025-08-26,107.41,107.6,106.88,107.25
2025-08-27,107.03,107.22,105.81,105.93
2025-08-28,105.89,106.04,104.91,105.59
2025-08-29,105.7,106.69,105.51,106.42
2025-09-01,106.46,106.46,104.98,105.28
2025-09-02,104.94,107.18,104.94,106.88
2025-09-03,107.03,107.6,105.44,105.93
2025-09-04,105.85,107.22,104.98,106.95
2025-09-05,106.69,107.25,106.08,106.34
2025-09-08,106.16,106.91,106.08,106.65
2025-09-09,106.69,106.84,105.93,106.12
2025-09-10,106.12,106.42,105.7,106.12
2025-09-11,106.08,106.5,105.78,106.08
2025-09-12,106.08,106.65,105.7,105.81
2025-09-15,105.7,105.74,105.17,105.32
2025-09-16,105.28,105.32,104.75,105.06
2025-09-17,105.02,105.44,104.83,104.94
2025-09-18,104.91,104.94,103.09,103.47
2025-09-19,103.5,103.62,102.75,103.05
2025-09-22,102.67,103.24,102.37,102.75
2025-09-23,102.75,103.77,102.4,103.5
2025-09-24,103.35,104.3,103.2,103.24
2025-09-25,103.09,103.54,102.59,103.39
2025-09-26,103.43,104.37,103.2,104.07
2025-09-29,103.92,104.19,103.01,103.43
2025-09-30,103.62,103.66,103.09,103.24
2025-10-09,103.09,104.94,102.86,104.87
2025-10-10,104.75,105.28,104.22,105.06
2025-10-13,104.94,105.7,103.81,105.28
2025-10-14,105.09,106.12,104.37,106.04
2025-10-15,106.0,106.65,105.21,105.81
2025-10-16,105.51,106.72,105.47,106.69
2025-10-17,106.57,107.52,106.31,106.5
2025-10-20,106.53,106.65,105.13,106.27
2025-10-21,106.08,106.46,105.51,105.74
2025-10-22,105.66,106.38,105.51,106.23
2025-10-23,106.23,107.1,106.23,106.95
2025-10-24,106.88,107.18,106.38,106.8
2025-10-27,106.61,108.2,106.16,107.22
2025-10-28,107.06,108.13,107.06,107.82
2025-10-29,107.82,107.82,107.06,107.18
2025-10-30,107.18,108.2,106.8,107.86
2025-10-31,107.82,107.82,105.81,106.46
2025-11-03,106.5,107.41,106.5,107.25
2025-11-04,107.25,108.69,107.14,108.35
2025-11-05,108.47,108.69,107.6,107.67
2025-11-06,107.56,108.35,107.44,107.97
2025-11-07,108.01,108.5,107.71,108.05
2025-11-10,108.05,108.32,107.56,108.09
2025-11-11,108.09,108.81,107.86,108.43
2025-11-12,108.73,109.41,108.39,108.39
2025-11-13,108.43,108.85,107.06,107.75
2025-11-14,107.75,108.77,107.37,107.37
2025-11-17,107.48,107.71,106.19,106.69
2025-11-18,106.69,107.37,106.38,106.65
2025-11-19,106.65,107.33,106.5,106.95
2025-11-20,106.76,107.29,106.27,106.61
2025-11-21,106.72,107.1,106.34,106.69
2025-11-24,106.76,106.84,105.78,106.8
2025-11-25,106.8,106.84,105.44,106.19
2025-11-26,106.19,106.53,105.7,105.85
2025-11-27,105.81,106.61,105.25,106.42
2025-11-28,106.12,106.34,105.89,106.0
2025-12-01,106.27,106.65,106.04,106.34
2025-12-02,106.19,107.1,106.16,107.06
2025-12-03,107.03,107.44,106.88,107.1
2025-12-04,107.22,107.29,106.72,106.99
2025-12-05,106.99,106.99,106.16,106.34
2025-12-08,106.34,106.46,105.55,105.59
2025-12-09,105.81,106.23,105.7,105.97
2025-12-10,105.81,106.34,105.51,105.66
2025-12-11,105.78,105.85,105.13,105.55
2025-12-12,105.51,106.27,105.36,106.23
2025-12-15,106.04,106.65,105.93,106.23
2025-12-16,106.31,106.38,105.4,105.97
2025-12-17,105.81,106.08,105.47,105.78
2025-12-18,105.78,106.42,105.66,106.38
2025-12-19,106.19,106.38,105.4,105.51
2025-12-22,105.47,105.55,104.19,104.34
2025-12-23,104.19,105.09,104.11,105.02
2025-12-24,104.98,104.98,104.37,104.72
2025-12-25,104.68,104.87,104.45,104.72
2025-12-26,104.6,104.83,104.26,104.72
2025-12-29,104.72,104.72,104.19,104.26
2025-12-30,104.19,104.19,103.5,103.5
2025-12-31,103.62,103.69,102.94,103.01
